id,frame_num,area,min_row_bb,min_col_bb,max_row_bb,max_col_bb,centroid_row,centroid_col,major_axis_length,minor_axis_length,max_intensity,mean_intensity,min_intensity
1,37,69,244,92,253,101,248,96,9.337473201948237,9.337473201948237,94.0,50.0,30.0
3,37,120,182,179,194,190,188,184,12.909944487358056,11.865917579353061,95.0,73.55,50.0
4,37,69,152,539,161,548,156,543,9.337473201948237,9.337473201948237,139.0,98.02898550724638,77.0
9,37,9,294,639,297,642,295,640,3.265986323710904,3.265986323710904,69.0,54.0,37.0
11,37,25,458,540,463,545,460,542,5.656854249492381,5.656854249492381,97.0,92.24,89.0
14,37,45,459,88,466,95,462,91,7.542472332656507,7.542472332656507,107.0,74.04444444444445,44.0
18,37,25,445,59,450,64,447,61,5.656854249492381,5.656854249492381,130.0,104.52,79.0
