id,frame_num,area,min_row_bb,min_col_bb,max_row_bb,max_col_bb,centroid_row,centroid_col,major_axis_length,minor_axis_length,max_intensity,mean_intensity,min_intensity
1,26,69,244,82,253,91,248,86,9.337473201948237,9.337473201948237,157.0,85.20289855072464,67.0
3,26,109,180,186,191,197,185,191,11.783988514976622,11.783988514976622,129.0,77.3302752293578,44.0
4,26,69,124,547,133,556,128,551,9.337473201948237,9.337473201948237,116.0,86.14492753623189,61.0
7,26,9,323,639,326,642,324,640,3.265986323710904,3.265986323710904,78.0,66.77777777777777,56.0
11,26,30,458,569,463,575,460,572,6.831300510639732,5.656854249492381,88.0,73.86666666666666,64.0
14,26,58,422,112,430,120,426,115,8.88237309079831,8.30053792506378,75.0,56.8448275862069,42.0
