id,frame_num,area,min_row_bb,min_col_bb,max_row_bb,max_col_bb,centroid_row,centroid_col,major_axis_length,minor_axis_length,max_intensity,mean_intensity,min_intensity
1,43,69,265,96,274,105,269,100,9.337473201948237,9.337473201948237,131.0,112.1159420289855,78.0
3,43,109,189,182,200,193,194,187,11.783988514976622,11.783988514976622,121.0,76.90825688073394,51.0
4,43,69,154,533,163,542,158,537,9.337473201948237,9.337473201948237,61.0,41.14492753623188,29.0
9,43,9,296,638,299,641,297,639,3.265986323710904,3.265986323710904,97.0,93.22222222222223,91.0
11,43,25,459,539,464,544,461,541,5.656854249492381,5.656854249492381,161.0,106.04,64.0
14,43,25,461,72,466,77,463,74,5.656854249492381,5.656854249492381,109.0,96.96,80.0
18,43,25,442,60,447,65,444,62,5.656854249492381,5.656854249492381,76.0,61.12,52.0
