id,frame_num,area,min_row_bb,min_col_bb,max_row_bb,max_col_bb,centroid_row,centroid_col,major_axis_length,minor_axis_length,max_intensity,mean_intensity,min_intensity
1,15,69,250,58,259,67,254,62,9.337473201948237,9.337473201948237,92.0,77.15942028985508,61.0
3,15,120,170,193,181,205,175,198,12.909944487358056,11.865917579353061,114.0,77.35,55.0
4,15,69,97,548,106,557,101,552,9.337473201948237,9.337473201948237,83.0,60.594202898550726,45.0
6,15,9,323,642,326,645,324,643,3.265986323710904,3.265986323710904,92.0,79.11111111111111,65.0
11,15,109,444,606,455,617,449,611,11.783988514976622,11.783988514976622,140.0,89.1743119266055,65.0
14,15,45,422,86,429,93,425,89,7.542472332656507,7.542472332656507,89.0,86.06666666666666,81.0
