id,frame_num,area,min_row_bb,min_col_bb,max_row_bb,max_col_bb,centroid_row,centroid_col,major_axis_length,minor_axis_length,max_intensity,mean_intensity,min_intensity
1,23,69,237,75,246,84,241,79,9.337473201948237,9.337473201948237,95.0,86.81159420289855,73.0
3,23,120,177,183,188,195,182,188,12.909944487358056,11.865917579353061,103.0,71.41666666666667,51.0
4,23,96,88,546,100,555,94,550,12.675435561221029,9.626352718795768,118.0,75.20833333333333,50.0
11,23,30,459,565,464,571,461,568,6.831300510639732,5.656854249492381,93.0,83.3,68.0
14,23,45,422,112,429,119,425,115,7.542472332656507,7.542472332656507,112.0,102.13333333333334,91.0
