id,frame_num,area,min_row_bb,min_col_bb,max_row_bb,max_col_bb,centroid_row,centroid_col,major_axis_length,minor_axis_length,max_intensity,mean_intensity,min_intensity
1,18,69,243,64,252,73,247,68,9.337473201948237,9.337473201948237,111.0,79.65217391304348,53.0
3,18,109,172,187,183,198,177,192,11.783988514976622,11.783988514976622,99.0,66.31192660550458,47.0
4,18,105,97,544,106,557,101,550,13.801311186847084,9.688481133111972,101.0,63.34285714285714,39.0
6,18,9,325,634,328,637,326,635,3.265986323710904,3.265986323710904,68.0,60.888888888888886,47.0
11,18,109,445,597,456,608,450,602,11.783988514976622,11.783988514976622,158.0,97.81651376146789,66.0
14,18,45,414,110,421,117,417,113,7.542472332656507,7.542472332656507,97.0,90.2,84.0
