id,frame_num,area,min_row_bb,min_col_bb,max_row_bb,max_col_bb,centroid_row,centroid_col,major_axis_length,minor_axis_length,max_intensity,mean_intensity,min_intensity
2,109,9,318,60,321,63,319,61,3.265986323710904,3.265986323710904,68.0,59.55555555555556,53.0
3,109,78,174,187,183,197,178,192,10.441534419118726,9.457055431575805,120.0,88.0,72.0
4,109,69,170,603,179,612,174,607,9.337473201948237,9.337473201948237,88.0,57.333333333333336,37.0
9,109,9,322,635,325,638,323,636,3.265986323710904,3.265986323710904,97.0,87.0,77.0
12,109,9,426,401,429,404,427,402,3.265986323710904,3.265986323710904,101.0,92.33333333333333,88.0
