id,frame_num,area,min_row_bb,min_col_bb,max_row_bb,max_col_bb,centroid_row,centroid_col,major_axis_length,minor_axis_length,max_intensity,mean_intensity,min_intensity
1,36,69,244,92,253,101,248,96,9.337473201948237,9.337473201948237,100.0,52.231884057971016,29.0
3,36,146,180,179,193,192,186,185,14.640275800093121,12.703753360916053,115.0,83.23287671232876,60.0
4,36,69,150,537,159,546,154,541,9.337473201948237,9.337473201948237,123.0,95.76811594202898,59.0
9,36,9,292,637,295,640,293,638,3.265986323710904,3.265986323710904,66.0,57.0,52.0
11,36,25,458,544,463,549,460,546,5.656854249492381,5.656854249492381,91.0,89.04,85.0
14,36,45,460,95,467,102,463,98,7.542472332656507,7.542472332656507,107.0,58.22222222222222,37.0
18,36,25,444,68,449,73,446,70,5.656854249492381,5.656854249492381,113.0,92.92,75.0
