id,frame_num,area,min_row_bb,min_col_bb,max_row_bb,max_col_bb,centroid_row,centroid_col,major_axis_length,minor_axis_length,max_intensity,mean_intensity,min_intensity
1,0,69,292,58,301,67,296,62,9.337473201948237,9.337473201948237,155.0,84.3768115942029,54.0
3,0,69,181,195,190,204,185,199,9.337473201948237,9.337473201948237,93.0,61.6231884057971,45.0
4,0,69,108,582,117,591,112,586,9.337473201948237,9.337473201948237,124.0,89.1304347826087,66.0
5,0,9,281,640,284,643,282,641,3.265986323710904,3.265986323710904,184.0,172.33333333333334,167.0
11,0,109,428,622,439,633,433,627,11.783988514976622,11.783988514976622,161.0,94.85321100917432,66.0
14,0,45,380,66,387,73,383,69,7.542472332656507,7.542472332656507,99.0,94.93333333333334,89.0
