id,frame_num,area,min_row_bb,min_col_bb,max_row_bb,max_col_bb,centroid_row,centroid_col,major_axis_length,minor_axis_length,max_intensity,mean_intensity,min_intensity
1,61,69,294,61,303,70,298,65,9.337473201948237,9.337473201948237,67.0,50.95652173913044,34.0
3,61,69,178,175,187,184,182,179,9.337473201948237,9.337473201948237,108.0,68.76811594202898,57.0
4,61,143,169,549,180,565,174,557,17.393441457213342,10.565781231382921,129.0,66.0979020979021,39.0
9,61,249,306,636,323,653,314,644,17.809342794248536,17.809342794248536,137.0,101.77510040160642,63.0
14,61,25,413,67,418,72,415,69,5.656854249492381,5.656854249492381,89.0,78.84,63.0
18,61,25,418,54,423,59,420,56,5.656854249492381,5.656854249492381,181.0,158.6,113.0
