id,frame_num,area,min_row_bb,min_col_bb,max_row_bb,max_col_bb,centroid_row,centroid_col,major_axis_length,minor_axis_length,max_intensity,mean_intensity,min_intensity
1,51,69,288,97,297,106,292,101,9.337473201948237,9.337473201948237,104.0,59.04347826086956,35.0
3,51,109,184,178,195,189,189,183,11.783988514976622,11.783988514976622,99.0,67.46788990825688,51.0
4,51,69,159,537,168,546,163,541,9.337473201948237,9.337473201948237,56.0,39.971014492753625,29.0
9,51,9,285,634,288,637,286,635,3.265986323710904,3.265986323710904,104.0,100.88888888888889,96.0
11,51,9,462,515,465,518,463,516,3.265986323710904,3.265986323710904,90.0,84.33333333333333,75.0
14,51,25,424,56,429,61,426,58,5.656854249492381,5.656854249492381,117.0,70.08,36.0
18,51,25,439,56,444,61,441,58,5.656854249492381,5.656854249492381,184.0,166.8,117.0
