id,frame_num,area,min_row_bb,min_col_bb,max_row_bb,max_col_bb,centroid_row,centroid_col,major_axis_length,minor_axis_length,max_intensity,mean_intensity,min_intensity
1,38,69,244,92,253,101,248,96,9.337473201948237,9.337473201948237,113.0,57.57971014492754,31.0
3,38,109,186,179,197,190,191,184,11.783988514976622,11.783988514976622,93.0,68.0,46.0
4,38,78,151,539,161,548,156,543,10.441534419118726,9.457055431575805,144.0,99.07692307692308,76.0
9,38,9,296,639,299,642,297,640,3.265986323710904,3.265986323710904,89.0,86.0,84.0
11,38,25,458,538,463,543,460,540,5.656854249492381,5.656854249492381,118.0,92.48,74.0
14,38,45,459,83,466,90,462,86,7.542472332656507,7.542472332656507,89.0,68.2,35.0
18,38,25,446,59,451,64,448,61,5.656854249492381,5.656854249492381,117.0,90.04,64.0
