id,frame_num,area,min_row_bb,min_col_bb,max_row_bb,max_col_bb,centroid_row,centroid_col,major_axis_length,minor_axis_length,max_intensity,mean_intensity,min_intensity
1,5,69,285,63,294,72,289,67,9.337473201948237,9.337473201948237,88.0,51.05797101449275,35.0
3,5,109,181,196,192,207,186,201,11.783988514976622,11.783988514976622,104.0,67.18348623853211,50.0
4,5,107,101,574,112,586,106,579,13.11052802060761,10.385990247731009,140.0,87.53271028037383,54.0
11,5,109,439,620,450,631,444,625,11.783988514976622,11.783988514976622,152.0,102.62385321100918,59.0
14,5,52,394,70,401,78,397,74,8.682431421244592,7.605665904189708,95.0,92.11538461538461,89.0
