id,frame_num,area,min_row_bb,min_col_bb,max_row_bb,max_col_bb,centroid_row,centroid_col,major_axis_length,minor_axis_length,max_intensity,mean_intensity,min_intensity
3,84,69,177,179,186,188,181,183,9.337473201948237,9.337473201948237,148.0,101.15942028985508,72.0
4,84,69,192,579,201,588,196,583,9.337473201948237,9.337473201948237,88.0,54.710144927536234,41.0
9,84,9,265,635,268,638,266,636,3.265986323710904,3.265986323710904,131.0,116.77777777777777,99.0
12,84,9,438,485,441,488,439,486,3.265986323710904,3.265986323710904,89.0,81.66666666666667,77.0
18,84,25,420,61,425,66,422,63,5.656854249492381,5.656854249492381,93.0,90.28,86.0
