id,frame_num,area,min_row_bb,min_col_bb,max_row_bb,max_col_bb,centroid_row,centroid_col,major_axis_length,minor_axis_length,max_intensity,mean_intensity,min_intensity
1,68,69,255,66,264,75,259,70,9.337473201948237,9.337473201948237,97.0,92.3913043478261,82.0
3,68,69,174,182,183,191,178,186,9.337473201948237,9.337473201948237,92.0,69.1304347826087,47.0
4,68,166,175,576,187,594,180,585,19.76867785351662,10.824176452216635,125.0,92.07228915662651,42.0
9,68,9,265,636,268,639,266,637,3.265986323710904,3.265986323710904,101.0,92.0,81.0
12,68,9,466,480,469,483,467,481,3.265986323710904,3.265986323710904,88.0,85.0,81.0
14,68,158,385,39,398,53,391,46,14.677977993398258,13.694681588027827,98.0,74.69620253164557,46.0
18,68,25,421,52,426,57,423,54,5.656854249492381,5.656854249492381,174.0,146.48,106.0
