id,frame_num,area,min_row_bb,min_col_bb,max_row_bb,max_col_bb,centroid_row,centroid_col,major_axis_length,minor_axis_length,max_intensity,mean_intensity,min_intensity
1,4,69,289,64,298,73,293,68,9.337473201948237,9.337473201948237,71.0,47.10144927536232,37.0
3,4,109,181,196,192,207,186,201,11.783988514976622,11.783988514976622,98.0,64.4862385321101,51.0
4,4,69,106,578,115,587,110,582,9.337473201948237,9.337473201948237,100.0,75.69565217391305,57.0
11,4,109,442,620,453,631,447,625,11.783988514976622,11.783988514976622,160.0,102.02752293577981,67.0
14,4,45,394,69,401,76,397,72,7.542472332656507,7.542472332656507,103.0,97.4,93.0
