id,frame_num,area,min_row_bb,min_col_bb,max_row_bb,max_col_bb,centroid_row,centroid_col,major_axis_length,minor_axis_length,max_intensity,mean_intensity,min_intensity
1,30,69,240,88,249,97,244,92,9.337473201948237,9.337473201948237,161.0,64.3623188405797,39.0
3,30,109,180,185,191,196,185,190,11.783988514976622,11.783988514976622,90.0,65.60550458715596,47.0
4,30,69,143,544,152,553,147,548,9.337473201948237,9.337473201948237,154.0,99.66666666666667,70.0
7,30,9,322,642,325,645,323,643,3.265986323710904,3.265986323710904,73.0,70.11111111111111,67.0
11,30,25,457,565,462,570,459,567,5.656854249492381,5.656854249492381,100.0,86.16,74.0
14,30,58,448,109,456,117,452,112,8.88237309079831,8.30053792506378,97.0,75.17241379310344,44.0
18,30,193,383,35,398,50,390,42,15.675465136763439,15.675465136763439,171.0,127.76683937823834,77.0
