id,frame_num,area,min_row_bb,min_col_bb,max_row_bb,max_col_bb,centroid_row,centroid_col,major_axis_length,minor_axis_length,max_intensity,mean_intensity,min_intensity
1,17,69,243,63,252,72,247,67,9.337473201948237,9.337473201948237,109.0,82.26086956521739,39.0
3,17,131,167,190,178,203,172,196,14.040290986741208,11.933658858055983,121.0,73.85496183206106,47.0
4,17,69,97,548,106,557,101,552,9.337473201948237,9.337473201948237,81.0,60.31884057971015,47.0
6,17,9,325,640,328,643,326,641,3.265986323710904,3.265986323710904,84.0,73.88888888888889,56.0
11,17,109,445,597,456,608,450,602,11.783988514976622,11.783988514976622,178.0,115.60550458715596,77.0
14,17,45,416,108,423,115,419,111,7.542472332656507,7.542472332656507,95.0,90.57777777777778,87.0
