id,frame_num,area,min_row_bb,min_col_bb,max_row_bb,max_col_bb,centroid_row,centroid_col,major_axis_length,minor_axis_length,max_intensity,mean_intensity,min_intensity
1,3,69,289,64,298,73,293,68,9.337473201948237,9.337473201948237,64.0,46.68115942028985,34.0
3,3,109,180,194,191,205,185,199,11.783988514976622,11.783988514976622,151.0,61.68807339449541,41.0
4,3,69,106,578,115,587,110,582,9.337473201948237,9.337473201948237,106.0,75.85507246376811,52.0
5,3,9,291,641,294,644,292,642,3.265986323710904,3.265986323710904,183.0,171.22222222222223,158.0
11,3,109,438,621,449,632,443,626,11.783988514976622,11.783988514976622,166.0,99.23853211009174,67.0
14,3,69,393,68,402,77,397,72,9.337473201948237,9.337473201948237,107.0,99.3768115942029,94.0
