id,frame_num,area,min_row_bb,min_col_bb,max_row_bb,max_col_bb,centroid_row,centroid_col,major_axis_length,minor_axis_length,max_intensity,mean_intensity,min_intensity
2,108,9,319,58,322,61,320,59,3.265986323710904,3.265986323710904,76.0,65.11111111111111,56.0
3,108,85,173,186,183,196,178,190,10.715574152221835,10.062448607188925,108.0,83.54117647058824,68.0
4,108,69,170,603,179,612,174,607,9.337473201948237,9.337473201948237,85.0,57.594202898550726,40.0
9,108,9,320,639,323,642,321,640,3.265986323710904,3.265986323710904,80.0,72.66666666666667,64.0
12,108,9,427,414,430,417,428,415,3.265986323710904,3.265986323710904,86.0,74.11111111111111,65.0
