id,frame_num,area,min_row_bb,min_col_bb,max_row_bb,max_col_bb,centroid_row,centroid_col,major_axis_length,minor_axis_length,max_intensity,mean_intensity,min_intensity
1,7,69,279,62,288,71,283,66,9.337473201948237,9.337473201948237,94.0,67.04347826086956,38.0
3,7,109,183,189,194,200,188,194,11.783988514976622,11.783988514976622,102.0,68.59633027522936,46.0
4,7,96,98,563,107,575,102,568,12.675435561221029,9.626352718795768,100.0,75.13541666666667,48.0
11,7,109,440,618,451,629,445,623,11.783988514976622,11.783988514976622,157.0,99.35779816513761,70.0
14,7,45,400,77,407,84,403,80,7.542472332656507,7.542472332656507,93.0,90.15555555555555,88.0
