id,frame_num,area,min_row_bb,min_col_bb,max_row_bb,max_col_bb,centroid_row,centroid_col,major_axis_length,minor_axis_length,max_intensity,mean_intensity,min_intensity
1,10,78,275,58,284,68,279,62,10.441534419118726,9.457055431575805,102.0,75.84615384615384,55.0
3,10,120,178,188,189,200,183,194,12.909944487358056,11.865917579353061,92.0,62.8,42.0
4,10,69,97,560,106,569,101,564,9.337473201948237,9.337473201948237,107.0,63.18840579710145,40.0
11,10,109,443,615,454,626,448,620,11.783988514976622,11.783988514976622,143.0,96.55045871559633,67.0
14,10,52,412,79,420,86,416,82,8.682431421244592,7.605665904189708,86.0,83.36538461538461,80.0
