id,frame_num,area,min_row_bb,min_col_bb,max_row_bb,max_col_bb,centroid_row,centroid_col,major_axis_length,minor_axis_length,max_intensity,mean_intensity,min_intensity
1,58,69,295,77,304,86,299,81,9.337473201948237,9.337473201948237,102.0,61.594202898550726,33.0
3,58,69,178,172,187,181,182,176,9.337473201948237,9.337473201948237,125.0,74.6231884057971,57.0
4,58,87,161,543,172,552,166,547,11.554966091655585,9.550831943061175,82.0,51.62068965517241,35.0
9,58,9,315,638,318,641,316,639,3.265986323710904,3.265986323710904,108.0,103.22222222222223,98.0
11,58,9,457,509,460,512,458,510,3.265986323710904,3.265986323710904,69.0,66.66666666666667,63.0
14,58,25,419,63,424,68,421,65,5.656854249492381,5.656854249492381,92.0,79.8,71.0
18,58,25,431,54,436,59,433,56,5.656854249492381,5.656854249492381,180.0,159.4,90.0
