id,frame_num,area,min_row_bb,min_col_bb,max_row_bb,max_col_bb,centroid_row,centroid_col,major_axis_length,minor_axis_length,max_intensity,mean_intensity,min_intensity
2,111,9,338,52,341,55,339,53,3.265986323710904,3.265986323710904,39.0,34.888888888888886,31.0
3,111,87,178,189,189,198,183,193,11.554966091655585,9.550831943061175,129.0,88.25287356321839,66.0
4,111,69,177,603,186,612,181,607,9.337473201948237,9.337473201948237,59.0,45.289855072463766,36.0
9,111,9,324,634,327,637,325,635,3.265986323710904,3.265986323710904,104.0,92.77777777777777,83.0
12,111,15,425,395,428,400,426,397,5.656854249492381,3.265986323710904,124.0,98.33333333333333,79.0
