id,frame_num,area,min_row_bb,min_col_bb,max_row_bb,max_col_bb,centroid_row,centroid_col,major_axis_length,minor_axis_length,max_intensity,mean_intensity,min_intensity
1,21,69,241,62,250,71,245,66,9.337473201948237,9.337473201948237,95.0,78.56521739130434,63.0
3,21,120,175,181,187,192,180,186,12.909944487358056,11.865917579353061,115.0,67.25,42.0
4,21,87,91,540,102,549,96,544,11.554966091655585,9.550831943061175,81.0,63.160919540229884,46.0
6,21,9,320,643,323,646,321,644,3.265986323710904,3.265986323710904,83.0,68.66666666666667,54.0
11,21,131,449,594,460,607,454,600,14.040290986741208,11.933658858055983,110.0,61.717557251908396,37.0
14,21,52,419,112,427,119,422,115,8.682431421244592,7.605665904189708,111.0,106.46153846153847,102.0
