id,frame_num,area,min_row_bb,min_col_bb,max_row_bb,max_col_bb,centroid_row,centroid_col,major_axis_length,minor_axis_length,max_intensity,mean_intensity,min_intensity
2,101,9,300,57,303,60,301,58,3.265986323710904,3.265986323710904,84.0,79.0,76.0
3,101,69,170,174,179,183,174,178,9.337473201948237,9.337473201948237,112.0,83.3623188405797,63.0
4,101,69,170,603,179,612,174,607,9.337473201948237,9.337473201948237,122.0,88.56521739130434,61.0
9,101,9,286,636,289,639,287,637,3.265986323710904,3.265986323710904,89.0,80.55555555555556,71.0
12,101,9,432,423,435,426,433,424,3.265986323710904,3.265986323710904,121.0,103.22222222222223,91.0
18,101,25,416,66,421,71,418,68,5.656854249492381,5.656854249492381,91.0,77.36,64.0
