id,frame_num,area,min_row_bb,min_col_bb,max_row_bb,max_col_bb,centroid_row,centroid_col,major_axis_length,minor_axis_length,max_intensity,mean_intensity,min_intensity
1,47,69,264,106,273,115,268,110,9.337473201948237,9.337473201948237,162.0,78.05797101449275,38.0
3,47,109,184,178,195,189,189,183,11.783988514976622,11.783988514976622,92.0,68.34862385321101,47.0
4,47,69,154,532,163,541,158,536,9.337473201948237,9.337473201948237,63.0,44.27536231884058,30.0
9,47,9,300,635,303,638,301,636,3.265986323710904,3.265986323710904,103.0,99.11111111111111,95.0
11,47,30,453,538,458,544,455,540,6.831300510639732,5.656854249492381,125.0,106.5,82.0
14,47,25,464,61,469,66,466,63,5.656854249492381,5.656854249492381,141.0,106.24,65.0
18,47,25,446,57,451,62,448,59,5.656854249492381,5.656854249492381,183.0,114.68,73.0
