id,frame_num,area,min_row_bb,min_col_bb,max_row_bb,max_col_bb,centroid_row,centroid_col,major_axis_length,minor_axis_length,max_intensity,mean_intensity,min_intensity
2,96,1,297,55,298,56,297,55,0.0,0.0,58.0,58.0,58.0
3,96,87,170,171,179,182,174,176,11.554966091655585,9.550831943061175,121.0,84.05747126436782,65.0
4,96,69,172,586,181,595,176,590,9.337473201948237,9.337473201948237,114.0,84.91304347826087,58.0
9,96,9,287,637,290,640,288,638,3.265986323710904,3.265986323710904,133.0,118.22222222222223,106.0
12,96,9,443,454,446,457,444,455,3.265986323710904,3.265986323710904,57.0,46.666666666666664,42.0
18,96,25,416,67,421,72,418,69,5.656854249492381,5.656854249492381,90.0,86.88,84.0
