id,frame_num,area,min_row_bb,min_col_bb,max_row_bb,max_col_bb,centroid_row,centroid_col,major_axis_length,minor_axis_length,max_intensity,mean_intensity,min_intensity
2,94,1,293,55,294,56,293,55,0.0,0.0,44.0,44.0,44.0
3,94,91,172,172,183,182,177,177,11.684869414488903,9.868890236480865,134.0,89.78021978021978,65.0
4,94,69,173,590,182,599,177,594,9.337473201948237,9.337473201948237,108.0,75.20289855072464,61.0
9,94,9,291,637,294,640,292,638,3.265986323710904,3.265986323710904,141.0,126.33333333333333,111.0
12,94,9,422,455,425,458,423,456,3.265986323710904,3.265986323710904,121.0,99.66666666666667,84.0
18,94,25,416,67,421,72,418,69,5.656854249492381,5.656854249492381,92.0,88.6,85.0
