id,frame_num,area,min_row_bb,min_col_bb,max_row_bb,max_col_bb,centroid_row,centroid_col,major_axis_length,minor_axis_length,max_intensity,mean_intensity,min_intensity
1,55,69,295,82,304,91,299,86,9.337473201948237,9.337473201948237,144.0,85.02898550724638,50.0
3,55,109,179,172,190,183,184,177,11.783988514976622,11.783988514976622,95.0,68.10091743119266,46.0
4,55,87,157,537,166,548,161,542,11.554966091655585,9.550831943061175,67.0,47.0919540229885,35.0
9,55,25,284,633,289,638,286,635,5.656854249492381,5.656854249492381,91.0,86.08,78.0
11,55,12,458,512,461,516,459,514,4.47213595499958,3.265986323710904,97.0,94.33333333333333,90.0
14,55,25,424,63,429,68,426,65,5.656854249492381,5.656854249492381,106.0,83.4,50.0
18,55,25,437,56,442,61,439,58,5.656854249492381,5.656854249492381,184.0,142.08,80.0
