id,frame_num,area,min_row_bb,min_col_bb,max_row_bb,max_col_bb,centroid_row,centroid_col,major_axis_length,minor_axis_length,max_intensity,mean_intensity,min_intensity
1,60,69,295,77,304,86,299,81,9.337473201948237,9.337473201948237,65.0,48.6231884057971,37.0
3,60,69,178,175,187,184,182,179,9.337473201948237,9.337473201948237,95.0,68.1304347826087,53.0
4,60,94,167,547,177,558,171,552,11.641513818924649,10.263032757513033,77.0,51.08510638297872,37.0
9,60,249,306,636,323,653,314,644,17.809342794248536,17.809342794248536,127.0,97.22489959839358,69.0
14,60,25,414,69,419,74,416,71,5.656854249492381,5.656854249492381,87.0,79.36,71.0
18,60,25,424,54,429,59,426,56,5.656854249492381,5.656854249492381,164.0,102.96,61.0
