id,frame_num,area,min_row_bb,min_col_bb,max_row_bb,max_col_bb,centroid_row,centroid_col,major_axis_length,minor_axis_length,max_intensity,mean_intensity,min_intensity
1,32,69,240,88,249,97,244,92,9.337473201948237,9.337473201948237,85.0,52.42028985507246,37.0
3,32,109,180,185,191,196,185,190,11.783988514976622,11.783988514976622,93.0,66.10091743119266,44.0
4,32,69,148,547,157,556,152,551,9.337473201948237,9.337473201948237,180.0,109.56521739130434,68.0
11,32,25,457,564,462,569,459,566,5.656854249492381,5.656854249492381,76.0,71.28,66.0
14,32,45,461,106,468,113,464,109,7.542472332656507,7.542472332656507,99.0,88.28888888888889,76.0
18,32,25,410,60,415,65,412,62,5.656854249492381,5.656854249492381,179.0,128.72,91.0
