id,frame_num,area,min_row_bb,min_col_bb,max_row_bb,max_col_bb,centroid_row,centroid_col,major_axis_length,minor_axis_length,max_intensity,mean_intensity,min_intensity
1,79,1,233,53,234,54,233,53,0.0,0.0,68.0,68.0,68.0
3,79,69,172,187,181,196,176,191,9.337473201948237,9.337473201948237,120.0,77.42028985507247,54.0
4,79,69,188,578,197,587,192,582,9.337473201948237,9.337473201948237,129.0,91.52173913043478,71.0
9,79,9,264,638,267,641,265,639,3.265986323710904,3.265986323710904,107.0,99.33333333333333,94.0
12,79,9,446,484,449,487,447,485,3.265986323710904,3.265986323710904,114.0,108.22222222222223,105.0
18,79,25,423,59,428,64,425,61,5.656854249492381,5.656854249492381,104.0,87.04,81.0
