id,frame_num,area,min_row_bb,min_col_bb,max_row_bb,max_col_bb,centroid_row,centroid_col,major_axis_length,minor_axis_length,max_intensity,mean_intensity,min_intensity
3,85,87,177,177,186,188,181,182,11.554966091655585,9.550831943061175,173.0,129.57471264367817,76.0
4,85,99,190,580,201,591,195,585,12.24662394212372,10.265489141763348,145.0,97.65656565656566,65.0
9,85,9,265,635,268,638,266,636,3.265986323710904,3.265986323710904,128.0,115.22222222222223,103.0
12,85,9,435,483,438,486,436,484,3.265986323710904,3.265986323710904,73.0,70.66666666666667,67.0
18,85,25,420,61,425,66,422,63,5.656854249492381,5.656854249492381,95.0,89.64,83.0
