id,frame_num,area,min_row_bb,min_col_bb,max_row_bb,max_col_bb,centroid_row,centroid_col,major_axis_length,minor_axis_length,max_intensity,mean_intensity,min_intensity
1,1,69,292,58,301,67,296,62,9.337473201948237,9.337473201948237,124.0,65.26086956521739,42.0
3,1,145,179,193,192,206,185,199,13.57482456862576,13.57482456862576,117.0,60.86206896551724,38.0
4,1,69,108,581,117,590,112,585,9.337473201948237,9.337473201948237,144.0,87.44927536231884,59.0
5,1,9,284,640,287,643,285,641,3.265986323710904,3.265986323710904,185.0,171.33333333333334,155.0
11,1,109,431,622,442,633,436,627,11.783988514976622,11.783988514976622,142.0,97.42201834862385,61.0
14,1,69,388,62,397,71,392,66,9.337473201948237,9.337473201948237,95.0,90.81159420289855,87.0
