id,frame_num,area,min_row_bb,min_col_bb,max_row_bb,max_col_bb,centroid_row,centroid_col,major_axis_length,minor_axis_length,max_intensity,mean_intensity,min_intensity
1,72,69,246,73,255,82,250,77,9.337473201948237,9.337473201948237,93.0,85.17391304347827,77.0
3,72,82,171,183,181,193,176,188,10.87400121569905,9.545781854804362,120.0,82.41463414634147,66.0
4,72,85,185,584,195,594,190,588,10.715574152221835,10.062448607188925,115.0,77.98823529411764,55.0
9,72,9,266,640,269,643,267,641,3.265986323710904,3.265986323710904,104.0,100.44444444444444,98.0
12,72,9,458,480,461,483,459,481,3.265986323710904,3.265986323710904,88.0,84.11111111111111,82.0
14,72,145,390,39,403,52,396,45,13.57482456862576,13.57482456862576,94.0,76.75862068965517,42.0
18,72,30,422,58,428,63,424,60,6.831300510639732,5.656854249492381,118.0,94.13333333333334,79.0
