id,frame_num,area,min_row_bb,min_col_bb,max_row_bb,max_col_bb,centroid_row,centroid_col,major_axis_length,minor_axis_length,max_intensity,mean_intensity,min_intensity
1,13,69,253,56,262,65,257,60,9.337473201948237,9.337473201948237,92.0,74.7536231884058,64.0
3,13,120,174,193,185,205,179,198,12.909944487358056,11.865917579353061,107.0,76.66666666666667,53.0
4,13,78,96,548,105,558,100,552,10.441534419118726,9.457055431575805,78.0,58.30769230769231,40.0
11,13,120,444,608,456,619,450,613,12.909944487358056,11.865917579353061,158.0,105.06666666666666,70.0
14,13,45,421,78,428,85,424,81,7.542472332656507,7.542472332656507,88.0,85.22222222222223,81.0
