id,frame_num,area,min_row_bb,min_col_bb,max_row_bb,max_col_bb,centroid_row,centroid_col,major_axis_length,minor_axis_length,max_intensity,mean_intensity,min_intensity
1,59,69,295,77,304,86,299,81,9.337473201948237,9.337473201948237,77.0,44.130434782608695,30.0
3,59,96,178,172,187,184,182,178,12.675435561221029,9.626352718795768,118.0,70.14583333333333,55.0
4,59,78,166,543,175,553,170,548,10.441534419118726,9.457055431575805,68.0,53.717948717948715,41.0
9,59,9,317,639,320,642,318,640,3.265986323710904,3.265986323710904,117.0,113.44444444444444,107.0
14,59,25,419,66,424,71,421,68,5.656854249492381,5.656854249492381,84.0,68.16,46.0
18,59,25,428,54,433,59,430,56,5.656854249492381,5.656854249492381,181.0,161.28,100.0
