id,frame_num,area,min_row_bb,min_col_bb,max_row_bb,max_col_bb,centroid_row,centroid_col,major_axis_length,minor_axis_length,max_intensity,mean_intensity,min_intensity
1,66,69,259,63,268,72,263,67,9.337473201948237,9.337473201948237,97.0,86.73913043478261,79.0
3,66,78,176,178,186,187,180,182,10.441534419118726,9.457055431575805,100.0,70.51282051282051,48.0
4,66,69,173,571,182,580,177,575,9.337473201948237,9.337473201948237,99.0,63.95652173913044,41.0
9,66,9,267,639,270,642,268,640,3.265986323710904,3.265986323710904,89.0,86.0,80.0
14,66,145,405,46,418,59,411,52,13.57482456862576,13.57482456862576,99.0,86.55862068965517,77.0
18,66,25,433,56,438,61,435,58,5.656854249492381,5.656854249492381,182.0,144.8,87.0
