id,frame_num,area,min_row_bb,min_col_bb,max_row_bb,max_col_bb,centroid_row,centroid_col,major_axis_length,minor_axis_length,max_intensity,mean_intensity,min_intensity
1,71,69,246,73,255,82,250,77,9.337473201948237,9.337473201948237,91.0,85.7536231884058,81.0
3,71,69,174,182,183,191,178,186,9.337473201948237,9.337473201948237,113.0,79.47826086956522,58.0
4,71,69,181,584,190,593,185,588,9.337473201948237,9.337473201948237,101.0,78.40579710144928,57.0
9,71,9,266,638,269,641,267,639,3.265986323710904,3.265986323710904,107.0,103.77777777777777,100.0
12,71,9,458,480,461,483,459,481,3.265986323710904,3.265986323710904,104.0,90.22222222222223,72.0
14,71,145,390,38,403,51,396,44,13.57482456862576,13.57482456862576,97.0,75.80689655172414,57.0
18,71,25,422,58,427,63,424,60,5.656854249492381,5.656854249492381,100.0,91.76,84.0
