id,frame_num,area,min_row_bb,min_col_bb,max_row_bb,max_col_bb,centroid_row,centroid_col,major_axis_length,minor_axis_length,max_intensity,mean_intensity,min_intensity
2,91,1,286,52,287,53,286,52,0.0,0.0,57.0,57.0,57.0
3,91,78,177,166,186,176,181,170,10.441534419118726,9.457055431575805,133.0,87.01282051282051,66.0
4,91,69,169,590,178,599,173,594,9.337473201948237,9.337473201948237,147.0,103.8840579710145,81.0
9,91,9,287,634,290,637,288,635,3.265986323710904,3.265986323710904,152.0,130.66666666666666,112.0
12,91,9,420,461,423,464,421,462,3.265986323710904,3.265986323710904,88.0,84.11111111111111,79.0
18,91,25,420,61,425,66,422,63,5.656854249492381,5.656854249492381,91.0,87.48,85.0
