id,frame_num,area,min_row_bb,min_col_bb,max_row_bb,max_col_bb,centroid_row,centroid_col,major_axis_length,minor_axis_length,max_intensity,mean_intensity,min_intensity
3,82,78,176,180,186,189,180,184,10.441534419118726,9.457055431575805,120.0,79.05128205128206,61.0
4,82,69,192,579,201,588,196,583,9.337473201948237,9.337473201948237,102.0,70.52173913043478,51.0
9,82,9,264,638,267,641,265,639,3.265986323710904,3.265986323710904,168.0,150.0,127.0
12,82,9,441,485,444,488,442,486,3.265986323710904,3.265986323710904,110.0,97.77777777777777,84.0
18,82,25,424,60,429,65,426,62,5.656854249492381,5.656854249492381,100.0,94.32,88.0
