id,frame_num,area,min_row_bb,min_col_bb,max_row_bb,max_col_bb,centroid_row,centroid_col,major_axis_length,minor_axis_length,max_intensity,mean_intensity,min_intensity
3,87,78,179,170,188,180,183,174,10.441534419118726,9.457055431575805,151.0,97.58974358974359,68.0
4,87,69,180,586,189,595,184,590,9.337473201948237,9.337473201948237,140.0,97.8695652173913,73.0
9,87,9,265,635,268,638,266,636,3.265986323710904,3.265986323710904,139.0,89.77777777777777,63.0
12,87,9,428,471,431,474,429,472,3.265986323710904,3.265986323710904,98.0,93.22222222222223,89.0
18,87,25,420,61,425,66,422,63,5.656854249492381,5.656854249492381,94.0,88.04,83.0
