id,frame_num,area,min_row_bb,min_col_bb,max_row_bb,max_col_bb,centroid_row,centroid_col,major_axis_length,minor_axis_length,max_intensity,mean_intensity,min_intensity
3,80,69,172,187,181,196,176,191,9.337473201948237,9.337473201948237,165.0,109.8840579710145,73.0
4,80,69,191,579,200,588,195,583,9.337473201948237,9.337473201948237,123.0,90.6086956521739,69.0
9,80,9,264,638,267,641,265,639,3.265986323710904,3.265986323710904,97.0,90.44444444444444,86.0
12,80,9,441,485,444,488,442,486,3.265986323710904,3.265986323710904,79.0,69.0,58.0
18,80,30,423,60,429,65,426,62,6.831300510639732,5.656854249492381,91.0,87.86666666666666,84.0
