id,frame_num,area,min_row_bb,min_col_bb,max_row_bb,max_col_bb,centroid_row,centroid_col,major_axis_length,minor_axis_length,max_intensity,mean_intensity,min_intensity
2,107,12,318,54,322,57,320,55,4.47213595499958,3.265986323710904,62.0,50.916666666666664,41.0
3,107,78,170,185,180,194,174,189,10.441534419118726,9.457055431575805,128.0,90.34615384615384,69.0
4,107,69,170,603,179,612,174,607,9.337473201948237,9.337473201948237,85.0,59.17391304347826,36.0
9,107,9,318,634,321,637,319,635,3.265986323710904,3.265986323710904,52.0,46.77777777777778,43.0
12,107,9,430,424,433,427,431,425,3.265986323710904,3.265986323710904,61.0,55.333333333333336,48.0
