id,frame_num,area,min_row_bb,min_col_bb,max_row_bb,max_col_bb,centroid_row,centroid_col,major_axis_length,minor_axis_length,max_intensity,mean_intensity,min_intensity
1,76,69,237,60,246,69,241,64,9.337473201948237,9.337473201948237,97.0,82.6086956521739,55.0
3,76,69,168,187,177,196,172,191,9.337473201948237,9.337473201948237,142.0,94.89855072463769,64.0
4,76,69,187,589,196,598,191,593,9.337473201948237,9.337473201948237,142.0,89.4927536231884,63.0
9,76,9,266,638,269,641,267,639,3.265986323710904,3.265986323710904,93.0,85.55555555555556,79.0
12,76,9,453,482,456,485,454,483,3.265986323710904,3.265986323710904,93.0,91.22222222222223,88.0
18,76,25,423,58,428,63,425,60,5.656854249492381,5.656854249492381,91.0,84.64,80.0
