id,frame_num,area,min_row_bb,min_col_bb,max_row_bb,max_col_bb,centroid_row,centroid_col,major_axis_length,minor_axis_length,max_intensity,mean_intensity,min_intensity
1,48,69,274,107,283,116,278,111,9.337473201948237,9.337473201948237,169.0,82.68115942028986,39.0
3,48,109,184,178,195,189,189,183,11.783988514976622,11.783988514976622,93.0,65.03669724770643,47.0
4,48,69,154,532,163,541,158,536,9.337473201948237,9.337473201948237,67.0,47.89855072463768,33.0
9,48,9,299,635,302,638,300,636,3.265986323710904,3.265986323710904,91.0,87.88888888888889,86.0
11,48,25,443,538,448,543,445,540,5.656854249492381,5.656854249492381,94.0,78.92,67.0
14,48,9,465,61,468,64,466,62,3.265986323710904,3.265986323710904,160.0,109.11111111111111,82.0
18,48,25,449,57,454,62,451,59,5.656854249492381,5.656854249492381,184.0,123.72,73.0
