id,frame_num,area,min_row_bb,min_col_bb,max_row_bb,max_col_bb,centroid_row,centroid_col,major_axis_length,minor_axis_length,max_intensity,mean_intensity,min_intensity
2,98,9,300,53,303,56,301,54,3.265986323710904,3.265986323710904,78.0,74.33333333333333,68.0
3,98,69,168,169,177,178,172,173,9.337473201948237,9.337473201948237,133.0,92.53623188405797,62.0
4,98,69,175,584,184,593,179,588,9.337473201948237,9.337473201948237,93.0,67.43478260869566,45.0
9,98,9,289,637,292,640,290,638,3.265986323710904,3.265986323710904,153.0,144.77777777777777,126.0
12,98,9,438,449,441,452,439,450,3.265986323710904,3.265986323710904,58.0,53.44444444444444,46.0
18,98,25,416,67,421,72,418,69,5.656854249492381,5.656854249492381,90.0,86.76,84.0
