id,frame_num,area,min_row_bb,min_col_bb,max_row_bb,max_col_bb,centroid_row,centroid_col,major_axis_length,minor_axis_length,max_intensity,mean_intensity,min_intensity
1,31,69,240,88,249,97,244,92,9.337473201948237,9.337473201948237,105.0,64.10144927536231,42.0
3,31,109,180,185,191,196,185,190,11.783988514976622,11.783988514976622,89.0,65.77064220183486,48.0
4,31,69,148,547,157,556,152,551,9.337473201948237,9.337473201948237,180.0,119.01449275362319,69.0
11,31,25,457,565,462,570,459,567,5.656854249492381,5.656854249492381,84.0,72.52,63.0
14,31,96,455,107,467,117,460,111,13.659808048251964,8.977107748565537,106.0,93.20833333333333,77.0
18,31,25,394,56,399,61,396,58,5.656854249492381,5.656854249492381,173.0,157.72,147.0
