id,frame_num,area,min_row_bb,min_col_bb,max_row_bb,max_col_bb,centroid_row,centroid_col,major_axis_length,minor_axis_length,max_intensity,mean_intensity,min_intensity
1,9,69,275,61,284,70,279,65,9.337473201948237,9.337473201948237,98.0,62.81159420289855,41.0
3,9,109,180,188,191,199,185,193,11.783988514976622,11.783988514976622,100.0,66.5045871559633,46.0
4,9,69,97,560,106,569,101,564,9.337473201948237,9.337473201948237,98.0,63.55072463768116,45.0
11,9,109,438,616,449,627,443,621,11.783988514976622,11.783988514976622,144.0,86.35779816513761,62.0
14,9,66,406,79,416,86,410,82,10.971036248396793,7.691002220225602,89.0,84.01515151515152,81.0
