id,frame_num,area,min_row_bb,min_col_bb,max_row_bb,max_col_bb,centroid_row,centroid_col,major_axis_length,minor_axis_length,max_intensity,mean_intensity,min_intensity
1,14,78,252,57,262,66,256,61,10.441534419118726,9.457055431575805,106.0,77.64102564102564,63.0
3,14,109,172,194,183,205,177,199,11.783988514976622,11.783988514976622,89.0,67.07339449541284,48.0
4,14,78,96,548,106,557,100,552,10.441534419118726,9.457055431575805,74.0,56.87179487179487,45.0
6,14,9,318,643,321,646,319,644,3.265986323710904,3.265986323710904,87.0,79.66666666666667,70.0
11,14,109,444,607,455,618,449,612,11.783988514976622,11.783988514976622,151.0,96.1651376146789,73.0
14,14,45,422,85,429,92,425,88,7.542472332656507,7.542472332656507,90.0,86.73333333333333,83.0
