id,frame_num,area,min_row_bb,min_col_bb,max_row_bb,max_col_bb,centroid_row,centroid_col,major_axis_length,minor_axis_length,max_intensity,mean_intensity,min_intensity
1,65,69,259,57,268,66,263,61,9.337473201948237,9.337473201948237,97.0,84.15942028985508,72.0
3,65,69,179,178,188,187,183,182,9.337473201948237,9.337473201948237,81.0,60.44927536231884,44.0
4,65,85,175,567,185,577,179,571,10.715574152221837,10.062448607188927,131.0,85.12941176470588,44.0
9,65,9,266,640,269,643,267,641,3.265986323710904,3.265986323710904,91.0,81.55555555555556,72.0
14,65,25,404,50,409,55,406,52,5.656854249492381,5.656854249492381,94.0,88.88,63.0
18,65,25,428,55,433,60,430,57,5.656854249492381,5.656854249492381,175.0,162.56,132.0
