id,frame_num,area,min_row_bb,min_col_bb,max_row_bb,max_col_bb,centroid_row,centroid_col,major_axis_length,minor_axis_length,max_intensity,mean_intensity,min_intensity
1,75,69,243,74,252,83,247,78,9.337473201948237,9.337473201948237,90.0,83.27536231884058,75.0
3,75,69,168,187,177,196,172,191,9.337473201948237,9.337473201948237,141.0,92.18840579710145,56.0
4,75,69,190,590,199,599,194,594,9.337473201948237,9.337473201948237,148.0,94.3623188405797,72.0
9,75,9,266,638,269,641,267,639,3.265986323710904,3.265986323710904,93.0,88.66666666666667,84.0
12,75,9,453,482,456,485,454,483,3.265986323710904,3.265986323710904,95.0,91.0,89.0
18,75,25,423,58,428,63,425,60,5.656854249492381,5.656854249492381,89.0,85.8,80.0
