id,frame_num,area,min_row_bb,min_col_bb,max_row_bb,max_col_bb,centroid_row,centroid_col,major_axis_length,minor_axis_length,max_intensity,mean_intensity,min_intensity
1,64,69,260,58,269,67,264,62,9.337473201948237,9.337473201948237,128.0,95.53623188405797,78.0
3,64,69,179,177,188,186,183,181,9.337473201948237,9.337473201948237,82.0,59.56521739130435,42.0
4,64,69,176,567,185,576,180,571,9.337473201948237,9.337473201948237,137.0,120.8840579710145,75.0
9,64,9,270,639,273,642,271,640,3.265986323710904,3.265986323710904,74.0,57.22222222222222,46.0
14,64,25,411,59,416,64,413,61,5.656854249492381,5.656854249492381,102.0,96.0,80.0
18,64,25,426,55,431,60,428,57,5.656854249492381,5.656854249492381,177.0,156.0,94.0
