id,frame_num,area,min_row_bb,min_col_bb,max_row_bb,max_col_bb,centroid_row,centroid_col,major_axis_length,minor_axis_length,max_intensity,mean_intensity,min_intensity
1,52,69,289,95,298,104,293,99,9.337473201948237,9.337473201948237,141.0,56.47826086956522,34.0
3,52,109,184,178,195,189,189,183,11.783988514976622,11.783988514976622,107.0,74.88073394495413,50.0
4,52,87,159,537,168,548,163,542,11.554966091655585,9.550831943061175,60.0,41.59770114942529,28.0
9,52,9,285,634,288,637,286,635,3.265986323710904,3.265986323710904,101.0,94.66666666666667,86.0
11,52,9,461,519,464,522,462,520,3.265986323710904,3.265986323710904,87.0,84.88888888888889,80.0
14,52,25,419,56,424,61,421,58,5.656854249492381,5.656854249492381,79.0,69.44,63.0
18,52,25,436,55,441,60,438,57,5.656854249492381,5.656854249492381,180.0,162.2,127.0
