id,frame_num,area,min_row_bb,min_col_bb,max_row_bb,max_col_bb,centroid_row,centroid_col,major_axis_length,minor_axis_length,max_intensity,mean_intensity,min_intensity
1,78,25,231,54,236,59,233,56,5.656854249492381,5.656854249492381,80.0,66.4,59.0
3,78,69,172,187,181,196,176,191,9.337473201948237,9.337473201948237,97.0,70.42028985507247,58.0
4,78,69,187,578,196,587,191,582,9.337473201948237,9.337473201948237,126.0,89.17391304347827,68.0
9,78,9,264,638,267,641,265,639,3.265986323710904,3.265986323710904,114.0,99.55555555555556,89.0
12,78,9,446,484,449,487,447,485,3.265986323710904,3.265986323710904,78.0,72.66666666666667,65.0
18,78,25,423,58,428,63,425,60,5.656854249492381,5.656854249492381,102.0,86.28,79.0
