id,frame_num,area,min_row_bb,min_col_bb,max_row_bb,max_col_bb,centroid_row,centroid_col,major_axis_length,minor_axis_length,max_intensity,mean_intensity,min_intensity
1,19,78,247,81,257,90,252,85,10.441534419118726,9.457055431575805,90.0,68.88461538461539,34.0
3,19,120,172,186,183,198,177,192,12.909944487358056,11.865917579353061,113.0,74.0,49.0
4,19,69,96,542,105,551,100,546,9.337473201948237,9.337473201948237,71.0,53.85507246376812,39.0
6,19,9,323,632,326,635,324,633,3.265986323710904,3.265986323710904,63.0,53.888888888888886,48.0
11,19,109,449,597,460,608,454,602,11.783988514976622,11.783988514976622,130.0,83.08256880733946,53.0
14,19,45,415,112,422,119,418,115,7.542472332656507,7.542472332656507,96.0,92.44444444444444,88.0
