id,frame_num,area,min_row_bb,min_col_bb,max_row_bb,max_col_bb,centroid_row,centroid_col,major_axis_length,minor_axis_length,max_intensity,mean_intensity,min_intensity
2,112,9,339,54,342,57,340,55,3.265986323710904,3.265986323710904,54.0,43.666666666666664,38.0
3,112,85,180,187,190,197,185,192,10.715574152221837,10.062448607188927,113.0,83.11764705882354,66.0
4,112,78,179,603,188,613,183,608,10.441534419118726,9.457055431575805,78.0,50.97435897435897,41.0
9,112,9,326,634,329,637,327,635,3.265986323710904,3.265986323710904,92.0,88.77777777777777,85.0
12,112,15,422,390,426,394,423,392,4.618802153517007,4.026578365477733,127.0,111.33333333333333,92.0
