id,frame_num,area,min_row_bb,min_col_bb,max_row_bb,max_col_bb,centroid_row,centroid_col,major_axis_length,minor_axis_length,max_intensity,mean_intensity,min_intensity
1,8,69,275,61,284,70,279,65,9.337473201948237,9.337473201948237,92.0,74.1159420289855,39.0
3,8,109,182,187,193,198,187,192,11.783988514976622,11.783988514976622,105.0,72.59633027522936,48.0
4,8,69,97,561,106,570,101,565,9.337473201948237,9.337473201948237,129.0,71.17391304347827,47.0
11,8,109,438,616,449,627,443,621,11.783988514976622,11.783988514976622,128.0,79.14678899082568,51.0
14,8,45,402,77,409,84,405,80,7.542472332656507,7.542472332656507,90.0,86.68888888888888,84.0
