id,frame_num,area,min_row_bb,min_col_bb,max_row_bb,max_col_bb,centroid_row,centroid_col,major_axis_length,minor_axis_length,max_intensity,mean_intensity,min_intensity
3,86,78,178,174,188,183,182,178,10.441534419118726,9.457055431575805,178.0,126.6923076923077,78.0
4,86,69,182,582,191,591,186,586,9.337473201948237,9.337473201948237,144.0,96.94202898550725,70.0
9,86,9,265,635,268,638,266,636,3.265986323710904,3.265986323710904,168.0,147.88888888888889,131.0
12,86,14,432,481,436,485,434,482,4.780914437337574,3.5456210417116734,69.0,66.71428571428571,66.0
18,86,25,420,61,425,66,422,63,5.656854249492381,5.656854249492381,95.0,87.16,81.0
