id,frame_num,area,min_row_bb,min_col_bb,max_row_bb,max_col_bb,centroid_row,centroid_col,major_axis_length,minor_axis_length,max_intensity,mean_intensity,min_intensity
2,105,9,305,55,308,58,306,56,3.265986323710904,3.265986323710904,72.0,70.22222222222223,69.0
3,105,69,170,180,179,189,174,184,9.337473201948237,9.337473201948237,135.0,90.95652173913044,67.0
4,105,69,170,603,179,612,174,607,9.337473201948237,9.337473201948237,90.0,66.02898550724638,41.0
9,105,9,316,642,319,645,317,643,3.265986323710904,3.265986323710904,81.0,77.77777777777777,74.0
12,105,9,431,424,434,427,432,425,3.265986323710904,3.265986323710904,72.0,60.77777777777778,52.0
18,105,25,430,69,435,74,432,71,5.656854249492381,5.656854249492381,69.0,49.16,37.0
