id,frame_num,area,min_row_bb,min_col_bb,max_row_bb,max_col_bb,centroid_row,centroid_col,major_axis_length,minor_axis_length,max_intensity,mean_intensity,min_intensity
1,42,78,265,95,274,105,269,100,10.441534419118726,9.457055431575805,153.0,114.43589743589743,91.0
3,42,109,189,182,200,193,194,187,11.783988514976622,11.783988514976622,101.0,71.63302752293578,50.0
4,42,78,147,535,157,544,152,539,10.441534419118726,9.457055431575805,81.0,59.58974358974359,41.0
9,42,9,296,638,299,641,297,639,3.265986323710904,3.265986323710904,87.0,85.11111111111111,84.0
11,42,25,458,539,463,544,460,541,5.656854249492381,5.656854249492381,148.0,97.92,67.0
14,42,30,462,76,468,81,464,78,6.831300510639732,5.656854249492381,104.0,86.96666666666667,60.0
18,42,25,445,60,450,65,447,62,5.656854249492381,5.656854249492381,85.0,69.8,56.0
