id,frame_num,area,min_row_bb,min_col_bb,max_row_bb,max_col_bb,centroid_row,centroid_col,major_axis_length,minor_axis_length,max_intensity,mean_intensity,min_intensity
3,81,111,173,180,185,192,179,186,13.874685851385356,10.186263003742718,149.0,81.56756756756756,57.0
4,81,69,192,579,201,588,196,583,9.337473201948237,9.337473201948237,108.0,75.27536231884058,56.0
9,81,9,264,638,267,641,265,639,3.265986323710904,3.265986323710904,111.0,98.88888888888889,86.0
12,81,9,441,485,444,488,442,486,3.265986323710904,3.265986323710904,114.0,101.77777777777777,88.0
18,81,25,424,60,429,65,426,62,5.656854249492381,5.656854249492381,101.0,95.68,89.0
