id,frame_num,area,min_row_bb,min_col_bb,max_row_bb,max_col_bb,centroid_row,centroid_col,major_axis_length,minor_axis_length,max_intensity,mean_intensity,min_intensity
1,45,69,266,105,275,114,270,109,9.337473201948237,9.337473201948237,122.0,112.76811594202898,95.0
3,45,109,184,179,195,190,189,184,11.783988514976622,11.783988514976622,101.0,70.79816513761467,53.0
4,45,69,154,533,163,542,158,537,9.337473201948237,9.337473201948237,64.0,43.20289855072464,29.0
9,45,9,296,638,299,641,297,639,3.265986323710904,3.265986323710904,101.0,97.22222222222223,93.0
11,45,25,458,538,463,543,460,540,5.656854249492381,5.656854249492381,164.0,130.28,99.0
14,45,25,462,66,467,71,464,68,5.656854249492381,5.656854249492381,159.0,116.64,60.0
18,45,25,444,54,449,59,446,56,5.656854249492381,5.656854249492381,81.0,64.0,54.0
