id,frame_num,area,min_row_bb,min_col_bb,max_row_bb,max_col_bb,centroid_row,centroid_col,major_axis_length,minor_axis_length,max_intensity,mean_intensity,min_intensity
2,102,9,302,57,305,60,303,58,3.265986323710904,3.265986323710904,83.0,77.55555555555556,74.0
3,102,87,168,173,177,184,172,178,11.554966091655585,9.550831943061175,154.0,96.73563218390805,66.0
4,102,69,170,603,179,612,174,607,9.337473201948237,9.337473201948237,105.0,73.1304347826087,52.0
9,102,9,290,636,293,639,291,637,3.265986323710904,3.265986323710904,153.0,94.55555555555556,66.0
12,102,9,433,417,436,420,434,418,3.265986323710904,3.265986323710904,115.0,98.22222222222223,85.0
18,102,25,419,66,424,71,421,68,5.656854249492381,5.656854249492381,83.0,75.24,63.0
