id,frame_num,area,min_row_bb,min_col_bb,max_row_bb,max_col_bb,centroid_row,centroid_col,major_axis_length,minor_axis_length,max_intensity,mean_intensity,min_intensity
1,56,69,295,82,304,91,299,86,9.337473201948237,9.337473201948237,119.0,68.23188405797102,34.0
3,56,69,178,172,187,181,182,176,9.337473201948237,9.337473201948237,81.0,67.57971014492753,54.0
4,56,109,157,540,168,552,162,545,12.932395876239454,10.710866822273001,66.0,47.642201834862384,35.0
9,56,9,289,639,292,642,290,640,3.265986323710904,3.265986323710904,112.0,109.11111111111111,105.0
11,56,9,457,509,460,512,458,510,3.265986323710904,3.265986323710904,101.0,97.22222222222223,88.0
14,56,25,423,63,428,68,425,65,5.656854249492381,5.656854249492381,101.0,70.84,45.0
18,56,25,437,56,442,61,439,58,5.656854249492381,5.656854249492381,183.0,139.88,70.0
