id,frame_num,area,min_row_bb,min_col_bb,max_row_bb,max_col_bb,centroid_row,centroid_col,major_axis_length,minor_axis_length,max_intensity,mean_intensity,min_intensity
2,99,9,300,54,303,57,301,55,3.265986323710904,3.265986323710904,80.0,63.666666666666664,49.0
3,99,78,168,173,178,182,172,177,10.441534419118726,9.457055431575805,138.0,93.41025641025641,69.0
4,99,69,176,600,185,609,180,604,9.337473201948237,9.337473201948237,164.0,99.6231884057971,69.0
9,99,12,297,639,300,643,298,640,4.47213595499958,3.265986323710904,147.0,132.66666666666666,118.0
12,99,9,438,442,441,445,439,443,3.265986323710904,3.265986323710904,81.0,71.55555555555556,65.0
18,99,25,416,66,421,71,418,68,5.656854249492381,5.656854249492381,91.0,87.24,84.0
