id,frame_num,area,min_row_bb,min_col_bb,max_row_bb,max_col_bb,centroid_row,centroid_col,major_axis_length,minor_axis_length,max_intensity,mean_intensity,min_intensity
3,88,87,178,167,187,178,182,172,11.554966091655585,9.550831943061175,125.0,90.57471264367815,70.0
4,88,69,172,582,181,591,176,586,9.337473201948237,9.337473201948237,133.0,109.33333333333333,86.0
9,88,9,276,639,279,642,277,640,3.265986323710904,3.265986323710904,155.0,143.33333333333334,127.0
12,88,9,424,456,427,459,425,457,3.265986323710904,3.265986323710904,104.0,100.55555555555556,97.0
18,88,25,420,61,425,66,422,63,5.656854249492381,5.656854249492381,92.0,87.24,81.0
