id,frame_num,area,min_row_bb,min_col_bb,max_row_bb,max_col_bb,centroid_row,centroid_col,major_axis_length,minor_axis_length,max_intensity,mean_intensity,min_intensity
1,27,78,240,82,249,92,244,86,10.441534419118726,9.457055431575805,112.0,84.34615384615384,46.0
3,27,109,180,186,191,197,185,191,11.783988514976622,11.783988514976622,100.0,74.63302752293578,52.0
4,27,69,132,547,141,556,136,551,9.337473201948237,9.337473201948237,139.0,94.66666666666667,69.0
7,27,9,323,639,326,642,324,640,3.265986323710904,3.265986323710904,65.0,61.0,58.0
11,27,25,458,569,463,574,460,571,5.656854249492381,5.656854249492381,81.0,71.6,65.0
14,27,85,426,113,438,121,432,117,13.120126025609055,8.30092392778267,88.0,64.16470588235295,33.0
