id,frame_num,area,min_row_bb,min_col_bb,max_row_bb,max_col_bb,centroid_row,centroid_col,major_axis_length,minor_axis_length,max_intensity,mean_intensity,min_intensity
1,34,78,240,88,249,98,244,92,10.441534419118726,9.457055431575805,70.0,45.85897435897436,31.0
3,34,109,180,185,191,196,185,190,11.783988514976622,11.783988514976622,100.0,69.4954128440367,51.0
4,34,69,150,539,159,548,154,543,9.337473201948237,9.337473201948237,167.0,107.94202898550725,76.0
9,34,9,302,642,305,645,303,643,3.265986323710904,3.265986323710904,68.0,61.666666666666664,56.0
11,34,25,458,548,463,553,460,550,5.656854249492381,5.656854249492381,84.0,77.28,71.0
14,34,45,460,110,467,117,463,113,7.542472332656507,7.542472332656507,52.0,43.17777777777778,33.0
18,34,25,420,60,425,65,422,62,5.656854249492381,5.656854249492381,179.0,138.2,101.0
