id,frame_num,area,min_row_bb,min_col_bb,max_row_bb,max_col_bb,centroid_row,centroid_col,major_axis_length,minor_axis_length,max_intensity,mean_intensity,min_intensity
1,46,78,264,105,273,115,268,110,10.441534419118726,9.457055431575805,167.0,101.92307692307692,68.0
3,46,109,184,179,195,190,189,184,11.783988514976622,11.783988514976622,99.0,71.59633027522936,50.0
4,46,69,154,532,163,541,158,536,9.337473201948237,9.337473201948237,59.0,42.36231884057971,29.0
9,46,12,297,637,301,640,298,638,4.47213595499958,3.265986323710904,98.0,91.0,86.0
11,46,25,445,540,450,545,447,542,5.656854249492381,5.656854249492381,75.0,68.68,64.0
14,46,25,462,64,467,69,464,66,5.656854249492381,5.656854249492381,162.0,104.28,69.0
18,46,25,446,57,451,62,448,59,5.656854249492381,5.656854249492381,104.0,71.28,51.0
