id,frame_num,area,min_row_bb,min_col_bb,max_row_bb,max_col_bb,centroid_row,centroid_col,major_axis_length,minor_axis_length,max_intensity,mean_intensity,min_intensity
1,57,78,295,80,304,90,299,84,10.441534419118726,9.457055431575805,114.0,59.666666666666664,33.0
3,57,69,178,172,187,181,182,176,9.337473201948237,9.337473201948237,95.0,66.3623188405797,45.0
4,57,69,159,543,168,552,163,547,9.337473201948237,9.337473201948237,58.0,45.3768115942029,34.0
9,57,9,316,639,319,642,317,640,3.265986323710904,3.265986323710904,106.0,100.0,95.0
11,57,9,457,509,460,512,458,510,3.265986323710904,3.265986323710904,81.0,71.22222222222223,64.0
14,57,25,422,63,427,68,424,65,5.656854249492381,5.656854249492381,102.0,81.32,61.0
18,57,25,430,53,435,58,432,55,5.656854249492381,5.656854249492381,177.0,153.88,83.0
