id,frame_num,area,min_row_bb,min_col_bb,max_row_bb,max_col_bb,centroid_row,centroid_col,major_axis_length,minor_axis_length,max_intensity,mean_intensity,min_intensity
1,50,69,285,99,294,108,289,103,9.337473201948237,9.337473201948237,114.0,65.73913043478261,44.0
3,50,109,184,178,195,189,189,183,11.783988514976622,11.783988514976622,94.0,65.29357798165138,46.0
4,50,69,159,537,168,546,163,541,9.337473201948237,9.337473201948237,60.0,43.289855072463766,32.0
9,50,9,288,633,291,636,289,634,3.265986323710904,3.265986323710904,95.0,91.66666666666667,88.0
11,50,30,445,540,450,546,447,542,6.831300510639732,5.656854249492381,81.0,76.7,68.0
14,50,9,462,54,465,57,463,55,3.265986323710904,3.265986323710904,166.0,142.66666666666666,110.0
18,50,25,442,56,447,61,444,58,5.656854249492381,5.656854249492381,184.0,148.96,71.0
