id,frame_num,area,min_row_bb,min_col_bb,max_row_bb,max_col_bb,centroid_row,centroid_col,major_axis_length,minor_axis_length,max_intensity,mean_intensity,min_intensity
1,39,78,245,92,255,101,250,96,10.441534419118726,9.457055431575805,77.0,48.243589743589745,29.0
3,39,109,186,179,197,190,191,184,11.783988514976622,11.783988514976622,102.0,71.87155963302752,50.0
4,39,87,147,537,158,546,152,541,11.554966091655585,9.550831943061175,128.0,90.52873563218391,69.0
9,39,9,296,638,299,641,297,639,3.265986323710904,3.265986323710904,90.0,86.44444444444444,83.0
11,39,25,456,533,461,538,458,535,5.656854249492381,5.656854249492381,100.0,80.52,72.0
14,39,45,459,81,466,88,462,84,7.542472332656507,7.542472332656507,91.0,74.55555555555556,50.0
18,39,25,446,59,451,64,448,61,5.656854249492381,5.656854249492381,91.0,73.2,61.0
