id,frame_num,area,min_row_bb,min_col_bb,max_row_bb,max_col_bb,centroid_row,centroid_col,major_axis_length,minor_axis_length,max_intensity,mean_intensity,min_intensity
1,11,69,273,54,282,63,277,58,9.337473201948237,9.337473201948237,91.0,70.21739130434783,48.0
3,11,109,178,189,189,200,183,194,11.783988514976622,11.783988514976622,110.0,68.41284403669725,45.0
4,11,105,97,556,106,569,101,562,13.801311186847084,9.688481133111972,118.0,71.83809523809524,46.0
11,11,109,446,611,457,622,451,616,11.783988514976622,11.783988514976622,173.0,114.28440366972477,74.0
14,11,52,417,79,425,86,420,82,8.682431421244592,7.605665904189708,86.0,82.82692307692308,80.0
