id,frame_num,area,min_row_bb,min_col_bb,max_row_bb,max_col_bb,centroid_row,centroid_col,major_axis_length,minor_axis_length,max_intensity,mean_intensity,min_intensity
1,63,69,291,57,300,66,295,61,9.337473201948237,9.337473201948237,81.0,60.710144927536234,47.0
3,63,69,179,176,188,185,183,180,9.337473201948237,9.337473201948237,97.0,67.82608695652173,46.0
4,63,119,174,563,185,576,179,569,14.136496396497689,10.76368657214639,138.0,103.85714285714286,46.0
9,63,9,269,642,272,645,270,643,3.265986323710904,3.265986323710904,83.0,75.66666666666667,64.0
14,63,25,422,68,427,73,424,70,5.656854249492381,5.656854249492381,102.0,96.64,92.0
18,63,25,420,56,425,61,422,58,5.656854249492381,5.656854249492381,181.0,163.32,124.0
