id,frame_num,area,min_row_bb,min_col_bb,max_row_bb,max_col_bb,centroid_row,centroid_col,major_axis_length,minor_axis_length,max_intensity,mean_intensity,min_intensity
1,77,69,231,53,240,62,235,57,9.337473201948237,9.337473201948237,95.0,72.6086956521739,56.0
3,77,69,172,187,181,196,176,191,9.337473201948237,9.337473201948237,102.0,72.91304347826087,59.0
4,77,69,187,577,196,586,191,581,9.337473201948237,9.337473201948237,110.0,80.40579710144928,58.0
9,77,9,264,638,267,641,265,639,3.265986323710904,3.265986323710904,104.0,94.77777777777777,85.0
12,77,9,446,484,449,487,447,485,3.265986323710904,3.265986323710904,97.0,92.66666666666667,85.0
18,77,25,423,58,428,63,425,60,5.656854249492381,5.656854249492381,89.0,83.88,79.0
