id,frame_num,area,min_row_bb,min_col_bb,max_row_bb,max_col_bb,centroid_row,centroid_col,major_axis_length,minor_axis_length,max_intensity,mean_intensity,min_intensity
1,25,69,244,83,253,92,248,87,9.337473201948237,9.337473201948237,100.0,75.81159420289855,66.0
3,25,109,179,185,190,196,184,190,11.783988514976622,11.783988514976622,96.0,71.65137614678899,51.0
4,25,87,104,547,115,556,109,551,11.554966091655585,9.550831943061175,142.0,107.42528735632185,61.0
7,25,9,324,642,327,645,325,643,3.265986323710904,3.265986323710904,79.0,69.33333333333333,60.0
11,25,25,458,570,463,575,460,572,5.656854249492381,5.656854249492381,92.0,79.44,64.0
14,25,45,422,112,429,119,425,115,7.542472332656507,7.542472332656507,98.0,63.93333333333333,40.0
