id,frame_num,area,min_row_bb,min_col_bb,max_row_bb,max_col_bb,centroid_row,centroid_col,major_axis_length,minor_axis_length,max_intensity,mean_intensity,min_intensity
1,74,69,243,74,252,83,247,78,9.337473201948237,9.337473201948237,91.0,83.92753623188406,79.0
3,74,69,169,187,178,196,173,191,9.337473201948237,9.337473201948237,120.0,84.23188405797102,64.0
4,74,69,190,589,199,598,194,593,9.337473201948237,9.337473201948237,138.0,84.44927536231884,59.0
9,74,9,266,638,269,641,267,639,3.265986323710904,3.265986323710904,97.0,90.44444444444444,86.0
12,74,15,454,481,459,484,456,482,5.656854249492381,3.265986323710904,86.0,83.73333333333333,81.0
18,74,25,423,58,428,63,425,60,5.656854249492381,5.656854249492381,87.0,82.76,79.0
