id,frame_num,area,min_row_bb,min_col_bb,max_row_bb,max_col_bb,centroid_row,centroid_col,major_axis_length,minor_axis_length,max_intensity,mean_intensity,min_intensity
1,40,78,257,95,267,104,262,99,10.441534419118726,9.457055431575805,141.0,94.97435897435898,38.0
3,40,109,189,182,200,193,194,187,11.783988514976622,11.783988514976622,114.0,72.53211009174312,47.0
4,40,69,146,536,155,545,150,540,9.337473201948237,9.337473201948237,100.0,79.92753623188406,62.0
9,40,9,296,638,299,641,297,639,3.265986323710904,3.265986323710904,92.0,89.77777777777777,88.0
11,40,35,453,530,460,535,456,532,8.0,5.656854249492381,127.0,99.88571428571429,78.0
14,40,45,460,78,467,85,463,81,7.542472332656507,7.542472332656507,96.0,83.02222222222223,56.0
18,40,25,447,60,452,65,449,62,5.656854249492381,5.656854249492381,110.0,81.04,61.0
