id,frame_num,area,min_row_bb,min_col_bb,max_row_bb,max_col_bb,centroid_row,centroid_col,major_axis_length,minor_axis_length,max_intensity,mean_intensity,min_intensity
1,24,69,244,78,253,87,248,82,9.337473201948237,9.337473201948237,138.0,83.8695652173913,69.0
3,24,129,177,184,189,196,182,190,13.125512171623699,12.544120800145336,118.0,76.13178294573643,50.0
4,24,69,92,546,101,555,96,550,9.337473201948237,9.337473201948237,115.0,85.1159420289855,45.0
7,24,9,324,643,327,646,325,644,3.265986323710904,3.265986323710904,79.0,75.66666666666667,71.0
11,24,30,460,571,465,577,462,574,6.831300510639732,5.656854249492381,91.0,81.73333333333333,64.0
14,24,45,422,112,429,119,425,115,7.542472332656507,7.542472332656507,109.0,91.2,55.0
