id,frame_num,area,min_row_bb,min_col_bb,max_row_bb,max_col_bb,centroid_row,centroid_col,major_axis_length,minor_axis_length,max_intensity,mean_intensity,min_intensity
2,93,1,294,53,295,54,294,53,0.0,0.0,56.0,56.0,56.0
3,93,69,175,170,184,179,179,174,9.337473201948237,9.337473201948237,102.0,80.7536231884058,63.0
4,93,69,173,590,182,599,177,594,9.337473201948237,9.337473201948237,108.0,81.15942028985508,64.0
9,93,9,291,637,294,640,292,638,3.265986323710904,3.265986323710904,127.0,116.11111111111111,103.0
12,93,9,422,456,425,459,423,457,3.265986323710904,3.265986323710904,134.0,123.0,101.0
18,93,25,420,61,425,66,422,63,5.656854249492381,5.656854249492381,90.0,86.64,83.0
