id,frame_num,area,min_row_bb,min_col_bb,max_row_bb,max_col_bb,centroid_row,centroid_col,major_axis_length,minor_axis_length,max_intensity,mean_intensity,min_intensity
1,53,69,290,88,299,97,294,92,9.337473201948237,9.337473201948237,99.0,49.94202898550725,29.0
3,53,109,180,172,191,183,185,177,11.783988514976622,11.783988514976622,98.0,67.27522935779817,48.0
4,53,69,159,540,168,549,163,544,9.337473201948237,9.337473201948237,67.0,43.130434782608695,32.0
9,53,25,284,633,289,638,286,635,5.656854249492381,5.656854249492381,106.0,94.76,89.0
11,53,9,461,518,464,521,462,519,3.265986323710904,3.265986323710904,96.0,89.0,77.0
14,53,25,415,51,420,56,417,53,5.656854249492381,5.656854249492381,79.0,70.68,52.0
18,53,25,436,56,441,61,438,58,5.656854249492381,5.656854249492381,183.0,157.64,115.0
