id,frame_num,area,min_row_bb,min_col_bb,max_row_bb,max_col_bb,centroid_row,centroid_col,major_axis_length,minor_axis_length,max_intensity,mean_intensity,min_intensity
1,62,91,289,56,300,66,294,61,11.684869414488903,9.868890236480865,92.0,63.494505494505496,39.0
3,62,82,178,175,188,185,182,180,10.87400121569905,9.545781854804362,101.0,68.36585365853658,45.0
4,62,123,173,556,182,571,177,563,16.06490898863134,9.784673596925652,132.0,90.98373983739837,37.0
9,62,193,299,652,314,667,306,659,15.675465136763439,15.675465136763439,169.0,91.66839378238342,57.0
14,62,25,417,68,422,73,419,70,5.656854249492381,5.656854249492381,95.0,72.32,51.0
18,62,25,417,54,422,59,419,56,5.656854249492381,5.656854249492381,178.0,164.76,131.0
