id,frame_num,area,min_row_bb,min_col_bb,max_row_bb,max_col_bb,centroid_row,centroid_col,major_axis_length,minor_axis_length,max_intensity,mean_intensity,min_intensity
2,113,9,342,54,345,57,343,55,3.265986323710904,3.265986323710904,82.0,66.33333333333333,45.0
3,113,69,184,185,193,194,188,189,9.337473201948237,9.337473201948237,133.0,96.56521739130434,65.0
4,113,78,182,608,192,617,186,612,10.441534419118726,9.457055431575805,94.0,69.85897435897436,53.0
9,113,9,326,634,329,637,327,635,3.265986323710904,3.265986323710904,94.0,86.22222222222223,79.0
12,113,9,420,385,423,388,421,386,3.265986323710904,3.265986323710904,135.0,104.44444444444444,83.0
