id,frame_num,area,min_row_bb,min_col_bb,max_row_bb,max_col_bb,centroid_row,centroid_col,major_axis_length,minor_axis_length,max_intensity,mean_intensity,min_intensity
2,114,9,342,54,345,57,343,55,3.265986323710904,3.265986323710904,69.0,60.55555555555556,53.0
3,114,69,182,192,191,201,186,196,9.337473201948237,9.337473201948237,117.0,87.57971014492753,63.0
4,114,69,192,613,201,622,196,617,9.337473201948237,9.337473201948237,151.0,114.30434782608695,73.0
9,114,9,324,634,327,637,325,635,3.265986323710904,3.265986323710904,85.0,81.88888888888889,80.0
12,114,15,417,383,421,387,419,384,4.618802153517007,4.026578365477733,87.0,74.6,60.0
