id,frame_num,area,min_row_bb,min_col_bb,max_row_bb,max_col_bb,centroid_row,centroid_col,major_axis_length,minor_axis_length,max_intensity,mean_intensity,min_intensity
1,67,69,258,64,267,73,262,68,9.337473201948237,9.337473201948237,97.0,84.14492753623189,73.0
3,67,69,174,182,183,191,178,186,9.337473201948237,9.337473201948237,98.0,71.01449275362319,43.0
4,67,78,173,571,182,581,177,576,10.441534419118726,9.457055431575805,80.0,61.84615384615385,45.0
9,67,9,263,637,266,640,264,638,3.265986323710904,3.265986323710904,94.0,88.22222222222223,83.0
14,67,158,405,46,418,60,411,52,14.677977993398258,13.694681588027827,118.0,87.70253164556962,74.0
18,67,25,426,55,431,60,428,57,5.656854249492381,5.656854249492381,176.0,156.2,127.0
