id,frame_num,area,min_row_bb,min_col_bb,max_row_bb,max_col_bb,centroid_row,centroid_col,major_axis_length,minor_axis_length,max_intensity,mean_intensity,min_intensity
2,104,9,304,56,307,59,305,57,3.265986323710904,3.265986323710904,74.0,71.44444444444444,70.0
3,104,69,170,180,179,189,174,184,9.337473201948237,9.337473201948237,115.0,84.1304347826087,69.0
4,104,69,170,603,179,612,174,607,9.337473201948237,9.337473201948237,94.0,67.72463768115942,43.0
9,104,9,301,641,304,644,302,642,3.265986323710904,3.265986323710904,115.0,95.33333333333333,73.0
12,104,9,431,424,434,427,432,425,3.265986323710904,3.265986323710904,80.0,65.44444444444444,57.0
18,104,25,427,70,432,75,429,72,5.656854249492381,5.656854249492381,75.0,61.44,48.0
