id,frame_num,area,min_row_bb,min_col_bb,max_row_bb,max_col_bb,centroid_row,centroid_col,major_axis_length,minor_axis_length,max_intensity,mean_intensity,min_intensity
2,95,1,297,53,298,54,297,53,0.0,0.0,56.0,56.0,56.0
3,95,69,171,173,180,182,175,177,9.337473201948237,9.337473201948237,116.0,87.3913043478261,62.0
4,95,78,172,588,181,598,176,592,10.441534419118726,9.457055431575805,113.0,80.35897435897436,60.0
9,95,9,288,637,291,640,289,638,3.265986323710904,3.265986323710904,128.0,118.44444444444444,109.0
12,95,9,442,444,445,447,443,445,3.265986323710904,3.265986323710904,69.0,59.111111111111114,53.0
18,95,25,416,67,421,72,418,69,5.656854249492381,5.656854249492381,92.0,88.28,84.0
