id,frame_num,area,min_row_bb,min_col_bb,max_row_bb,max_col_bb,centroid_row,centroid_col,major_axis_length,minor_axis_length,max_intensity,mean_intensity,min_intensity
1,41,78,260,95,270,104,264,99,10.441534419118726,9.457055431575805,144.0,95.6025641025641,37.0
3,41,109,189,182,200,193,194,187,11.783988514976622,11.783988514976622,106.0,75.88990825688073,46.0
4,41,69,147,535,156,544,151,539,9.337473201948237,9.337473201948237,99.0,70.89855072463769,51.0
9,41,9,296,638,299,641,297,639,3.265986323710904,3.265986323710904,86.0,81.88888888888889,77.0
11,41,25,446,532,451,537,448,534,5.656854249492381,5.656854249492381,119.0,91.04,69.0
14,41,25,461,72,466,77,463,74,5.656854249492381,5.656854249492381,119.0,101.68,89.0
18,41,25,447,60,452,65,449,62,5.656854249492381,5.656854249492381,92.0,70.76,55.0
