id,frame_num,area,min_row_bb,min_col_bb,max_row_bb,max_col_bb,centroid_row,centroid_col,major_axis_length,minor_axis_length,max_intensity,mean_intensity,min_intensity
2,106,9,306,53,309,56,307,54,3.265986323710904,3.265986323710904,70.0,66.55555555555556,63.0
3,106,69,169,184,178,193,173,188,9.337473201948237,9.337473201948237,139.0,94.18840579710145,68.0
4,106,69,170,603,179,612,174,607,9.337473201948237,9.337473201948237,83.0,62.52173913043478,42.0
9,106,9,317,640,320,643,318,641,3.265986323710904,3.265986323710904,91.0,87.0,80.0
12,106,9,430,424,433,427,431,425,3.265986323710904,3.265986323710904,67.0,59.44444444444444,54.0
