id,frame_num,area,min_row_bb,min_col_bb,max_row_bb,max_col_bb,centroid_row,centroid_col,major_axis_length,minor_axis_length,max_intensity,mean_intensity,min_intensity
2,92,1,291,52,292,53,291,52,0.0,0.0,44.0,44.0,44.0
3,92,69,175,169,184,178,179,173,9.337473201948237,9.337473201948237,119.0,81.98550724637681,66.0
4,92,69,172,590,181,599,176,594,9.337473201948237,9.337473201948237,117.0,90.15942028985508,75.0
9,92,9,293,634,296,637,294,635,3.265986323710904,3.265986323710904,169.0,151.0,129.0
12,92,9,422,456,425,459,423,457,3.265986323710904,3.265986323710904,133.0,123.66666666666667,116.0
18,92,25,420,61,425,66,422,63,5.656854249492381,5.656854249492381,92.0,86.92,83.0
