id,frame_num,area,min_row_bb,min_col_bb,max_row_bb,max_col_bb,centroid_row,centroid_col,major_axis_length,minor_axis_length,max_intensity,mean_intensity,min_intensity
1,28,69,240,85,249,94,244,89,9.337473201948237,9.337473201948237,114.0,78.79710144927536,38.0
3,28,109,180,186,191,197,185,191,11.783988514976622,11.783988514976622,107.0,74.26605504587155,56.0
4,28,69,138,545,147,554,142,549,9.337473201948237,9.337473201948237,156.0,104.68115942028986,75.0
7,28,9,322,640,325,643,323,641,3.265986323710904,3.265986323710904,81.0,77.11111111111111,71.0
11,28,25,458,569,463,574,460,571,5.656854249492381,5.656854249492381,87.0,75.72,66.0
14,28,66,431,112,441,119,436,115,10.971036248396793,7.691002220225602,82.0,49.40909090909091,28.0
