id,frame_num,area,min_row_bb,min_col_bb,max_row_bb,max_col_bb,centroid_row,centroid_col,major_axis_length,minor_axis_length,max_intensity,mean_intensity,min_intensity
1,16,69,245,59,254,68,249,63,9.337473201948237,9.337473201948237,97.0,82.4927536231884,65.0
3,16,109,167,192,178,203,172,197,11.783988514976622,11.783988514976622,118.0,77.8440366972477,53.0
4,16,69,97,548,106,557,101,552,9.337473201948237,9.337473201948237,78.0,58.666666666666664,43.0
6,16,9,325,641,328,644,326,642,3.265986323710904,3.265986323710904,68.0,62.666666666666664,57.0
11,16,109,444,606,455,617,449,611,11.783988514976622,11.783988514976622,150.0,101.64220183486239,70.0
14,16,45,422,97,429,104,425,100,7.542472332656507,7.542472332656507,95.0,91.44444444444444,87.0
