id,frame_num,area,min_row_bb,min_col_bb,max_row_bb,max_col_bb,centroid_row,centroid_col,major_axis_length,minor_axis_length,max_intensity,mean_intensity,min_intensity
1,6,69,279,62,288,71,283,66,9.337473201948237,9.337473201948237,112.0,81.10144927536231,49.0
3,6,109,181,196,192,207,186,201,11.783988514976622,11.783988514976622,97.0,65.08256880733946,47.0
4,6,87,98,566,107,577,102,571,11.554966091655585,9.550831943061175,116.0,76.59770114942529,52.0
11,6,109,438,618,449,629,443,623,11.783988514976622,11.783988514976622,180.0,113.30275229357798,65.0
14,6,52,396,77,404,84,400,80,8.682431421244592,7.605665904189708,96.0,90.98076923076923,86.0
