id,frame_num,area,min_row_bb,min_col_bb,max_row_bb,max_col_bb,centroid_row,centroid_col,major_axis_length,minor_axis_length,max_intensity,mean_intensity,min_intensity
1,29,69,240,88,249,97,244,92,9.337473201948237,9.337473201948237,136.0,82.3768115942029,43.0
3,29,120,180,185,191,197,185,190,12.909944487358056,11.865917579353061,108.0,73.41666666666667,52.0
4,29,69,137,546,146,555,141,550,9.337473201948237,9.337473201948237,130.0,95.1159420289855,73.0
7,29,9,322,639,325,642,323,640,3.265986323710904,3.265986323710904,69.0,62.55555555555556,58.0
11,29,25,458,568,463,573,460,570,5.656854249492381,5.656854249492381,94.0,79.48,66.0
14,29,75,440,110,450,119,445,114,11.269263440902375,8.431199423674155,87.0,63.413333333333334,28.0
