id,frame_num,area,min_row_bb,min_col_bb,max_row_bb,max_col_bb,centroid_row,centroid_col,major_axis_length,minor_axis_length,max_intensity,mean_intensity,min_intensity
1,44,69,265,96,274,105,269,100,9.337473201948237,9.337473201948237,139.0,105.98550724637681,42.0
3,44,109,187,181,198,192,192,186,11.783988514976622,11.783988514976622,87.0,67.88073394495413,46.0
4,44,69,154,533,163,542,158,537,9.337473201948237,9.337473201948237,57.0,42.3768115942029,31.0
9,44,9,296,638,299,641,297,639,3.265986323710904,3.265986323710904,93.0,89.44444444444444,86.0
11,44,25,458,538,463,543,460,540,5.656854249492381,5.656854249492381,163.0,128.72,83.0
14,44,25,461,68,466,73,463,70,5.656854249492381,5.656854249492381,130.0,117.0,106.0
18,44,25,444,58,449,63,446,60,5.656854249492381,5.656854249492381,88.0,66.0,52.0
