id,frame_num,area,min_row_bb,min_col_bb,max_row_bb,max_col_bb,centroid_row,centroid_col,major_axis_length,minor_axis_length,max_intensity,mean_intensity,min_intensity
2,110,9,320,56,323,59,321,57,3.265986323710904,3.265986323710904,74.0,69.55555555555556,67.0
3,110,69,177,189,186,198,181,193,9.337473201948237,9.337473201948237,109.0,88.68115942028986,70.0
4,110,69,170,603,179,612,174,607,9.337473201948237,9.337473201948237,86.0,58.391304347826086,40.0
9,110,9,320,637,323,640,321,638,3.265986323710904,3.265986323710904,90.0,80.55555555555556,68.0
12,110,9,426,398,429,401,427,399,3.265986323710904,3.265986323710904,93.0,86.66666666666667,80.0
