id,frame_num,area,min_row_bb,min_col_bb,max_row_bb,max_col_bb,centroid_row,centroid_col,major_axis_length,minor_axis_length,max_intensity,mean_intensity,min_intensity
1,12,69,262,52,271,61,266,56,9.337473201948237,9.337473201948237,101.0,76.65217391304348,51.0
3,12,120,175,192,186,204,180,198,12.909944487358056,11.865917579353061,108.0,75.84166666666667,48.0
4,12,69,96,549,105,558,100,553,9.337473201948237,9.337473201948237,87.0,53.73913043478261,38.0
11,12,109,446,608,457,619,451,613,11.783988514976622,11.783988514976622,175.0,108.1559633027523,65.0
14,12,45,420,78,427,85,423,81,7.542472332656507,7.542472332656507,86.0,82.2,80.0
