id,frame_num,area,min_row_bb,min_col_bb,max_row_bb,max_col_bb,centroid_row,centroid_col,major_axis_length,minor_axis_length,max_intensity,mean_intensity,min_intensity
3,83,69,177,179,186,188,181,183,9.337473201948237,9.337473201948237,134.0,84.55072463768116,63.0
4,83,69,192,579,201,588,196,583,9.337473201948237,9.337473201948237,83.0,57.98550724637681,45.0
9,83,9,265,635,268,638,266,636,3.265986323710904,3.265986323710904,151.0,133.66666666666666,111.0
12,83,9,439,485,442,488,440,486,3.265986323710904,3.265986323710904,118.0,109.11111111111111,99.0
18,83,25,424,60,429,65,426,62,5.656854249492381,5.656854249492381,94.0,90.8,87.0
