id,frame_num,area,min_row_bb,min_col_bb,max_row_bb,max_col_bb,centroid_row,centroid_col,major_axis_length,minor_axis_length,max_intensity,mean_intensity,min_intensity
1,35,78,243,92,253,101,248,96,10.441534419118726,9.457055431575805,91.0,43.794871794871796,30.0
3,35,120,180,184,191,196,185,190,12.909944487358056,11.865917579353061,102.0,73.9,48.0
4,35,69,150,537,159,546,154,541,9.337473201948237,9.337473201948237,129.0,96.55072463768116,72.0
9,35,9,292,641,295,644,293,642,3.265986323710904,3.265986323710904,75.0,68.55555555555556,58.0
11,35,25,458,546,463,551,460,548,5.656854249492381,5.656854249492381,90.0,81.0,72.0
14,35,45,457,98,464,105,460,101,7.542472332656507,7.542472332656507,115.0,67.88888888888889,38.0
18,35,25,424,64,429,69,426,66,5.656854249492381,5.656854249492381,171.0,138.0,119.0
