id,frame_num,area,min_row_bb,min_col_bb,max_row_bb,max_col_bb,centroid_row,centroid_col,major_axis_length,minor_axis_length,max_intensity,mean_intensity,min_intensity
1,33,69,240,88,249,97,244,92,9.337473201948237,9.337473201948237,85.0,52.710144927536234,31.0
3,33,109,180,185,191,196,185,190,11.783988514976622,11.783988514976622,99.0,70.90825688073394,47.0
4,33,69,150,539,159,548,154,543,9.337473201948237,9.337473201948237,139.0,97.68115942028986,71.0
9,33,9,301,642,304,645,302,643,3.265986323710904,3.265986323710904,84.0,68.0,50.0
11,33,25,457,556,462,561,459,558,5.656854249492381,5.656854249492381,77.0,71.32,65.0
14,33,45,456,129,463,136,459,132,7.542472332656507,7.542472332656507,104.0,90.62222222222222,74.0
18,33,25,415,58,420,63,417,60,5.656854249492381,5.656854249492381,179.0,125.52,84.0
