id,frame_num,area,min_row_bb,min_col_bb,max_row_bb,max_col_bb,centroid_row,centroid_col,major_axis_length,minor_axis_length,max_intensity,mean_intensity,min_intensity
1,2,69,292,58,301,67,296,62,9.337473201948237,9.337473201948237,76.0,54.028985507246375,36.0
3,2,109,180,194,191,205,185,199,11.783988514976622,11.783988514976622,120.0,59.22018348623853,44.0
4,2,69,107,581,116,590,111,585,9.337473201948237,9.337473201948237,108.0,85.15942028985508,61.0
5,2,9,286,639,289,642,287,640,3.265986323710904,3.265986323710904,178.0,169.0,167.0
11,2,109,434,621,445,632,439,626,11.783988514976622,11.783988514976622,151.0,98.44036697247707,69.0
14,2,69,389,64,398,73,393,68,9.337473201948237,9.337473201948237,104.0,98.5072463768116,92.0
