id,frame_num,area,min_row_bb,min_col_bb,max_row_bb,max_col_bb,centroid_row,centroid_col,major_axis_length,minor_axis_length,max_intensity,mean_intensity,min_intensity
1,22,69,240,71,249,80,244,75,9.337473201948237,9.337473201948237,93.0,77.23188405797102,68.0
3,22,120,177,182,188,194,182,188,12.909944487358056,11.865917579353061,91.0,65.31666666666666,38.0
4,22,78,82,546,92,555,86,550,10.441534419118726,9.457055431575805,106.0,80.83333333333333,58.0
11,22,45,458,599,465,606,461,602,7.542472332656507,7.542472332656507,140.0,101.44444444444444,55.0
14,22,45,422,112,429,119,425,115,7.542472332656507,7.542472332656507,108.0,100.93333333333334,92.0
