id,frame_num,area,min_row_bb,min_col_bb,max_row_bb,max_col_bb,centroid_row,centroid_col,major_axis_length,minor_axis_length,max_intensity,mean_intensity,min_intensity
1,69,69,255,66,264,75,259,70,9.337473201948237,9.337473201948237,107.0,95.57971014492753,67.0
3,69,69,174,182,183,191,178,186,9.337473201948237,9.337473201948237,96.0,68.17391304347827,48.0
4,69,272,180,565,192,595,186,579,33.02763319067839,10.67698975282176,128.0,85.87867647058823,35.0
9,69,9,268,639,271,642,269,640,3.265986323710904,3.265986323710904,106.0,101.0,99.0
12,69,9,463,474,466,477,464,475,3.265986323710904,3.265986323710904,83.0,74.11111111111111,62.0
14,69,145,391,40,404,53,397,46,13.57482456862576,13.57482456862576,114.0,80.20689655172414,56.0
18,69,25,424,57,429,62,426,59,5.656854249492381,5.656854249492381,120.0,96.6,74.0
