id,frame_num,area,min_row_bb,min_col_bb,max_row_bb,max_col_bb,centroid_row,centroid_col,major_axis_length,minor_axis_length,max_intensity,mean_intensity,min_intensity
2,89,1,283,53,284,54,283,53,0.0,0.0,55.0,55.0,55.0
3,89,69,178,162,187,171,182,166,9.337473201948237,9.337473201948237,168.0,106.34782608695652,77.0
4,89,69,166,581,175,590,170,585,9.337473201948237,9.337473201948237,173.0,132.55072463768116,88.0
9,89,9,279,639,282,642,280,640,3.265986323710904,3.265986323710904,147.0,125.11111111111111,100.0
12,89,9,425,460,428,463,426,461,3.265986323710904,3.265986323710904,102.0,97.66666666666667,93.0
18,89,25,420,61,425,66,422,63,5.656854249492381,5.656854249492381,93.0,88.64,85.0
