id,frame_num,area,min_row_bb,min_col_bb,max_row_bb,max_col_bb,centroid_row,centroid_col,major_axis_length,minor_axis_length,max_intensity,mean_intensity,min_intensity
1,70,69,247,73,256,82,251,77,9.337473201948237,9.337473201948237,114.0,88.15942028985508,74.0
3,70,69,174,182,183,191,178,186,9.337473201948237,9.337473201948237,104.0,75.28985507246377,61.0
4,70,69,181,585,190,594,185,589,9.337473201948237,9.337473201948237,122.0,101.46376811594203,78.0
9,70,9,266,635,269,638,267,636,3.265986323710904,3.265986323710904,111.0,108.77777777777777,105.0
12,70,9,458,480,461,483,459,481,3.265986323710904,3.265986323710904,67.0,56.888888888888886,49.0
14,70,145,386,40,399,53,392,46,13.57482456862576,13.57482456862576,97.0,78.37241379310345,61.0
18,70,25,422,58,427,63,424,60,5.656854249492381,5.656854249492381,95.0,90.08,84.0
