id,frame_num,area,min_row_bb,min_col_bb,max_row_bb,max_col_bb,centroid_row,centroid_col,major_axis_length,minor_axis_length,max_intensity,mean_intensity,min_intensity
1,54,69,292,83,301,92,296,87,9.337473201948237,9.337473201948237,170.0,70.68115942028986,42.0
3,54,109,180,172,191,183,185,177,11.783988514976622,11.783988514976622,89.0,66.05504587155963,44.0
4,54,69,157,537,166,546,161,541,9.337473201948237,9.337473201948237,57.0,44.10144927536232,35.0
9,54,25,284,633,289,638,286,635,5.656854249492381,5.656854249492381,94.0,87.4,77.0
11,54,9,458,515,461,518,459,516,3.265986323710904,3.265986323710904,90.0,88.77777777777777,88.0
14,54,25,422,59,427,64,424,61,5.656854249492381,5.656854249492381,106.0,85.48,55.0
18,54,25,434,56,439,61,436,58,5.656854249492381,5.656854249492381,179.0,159.28,103.0
