id,frame_num,area,min_row_bb,min_col_bb,max_row_bb,max_col_bb,centroid_row,centroid_col,major_axis_length,minor_axis_length,max_intensity,mean_intensity,min_intensity
2,103,9,302,57,305,60,303,58,3.265986323710904,3.265986323710904,77.0,74.22222222222223,71.0
3,103,124,168,175,179,189,173,182,14.99316487921793,10.50335715793804,155.0,98.2741935483871,70.0
4,103,69,170,603,179,612,174,607,9.337473201948237,9.337473201948237,100.0,66.98550724637681,40.0
9,103,12,296,638,299,642,297,640,4.47213595499958,3.265986323710904,184.0,112.58333333333333,57.0
12,103,9,431,424,434,427,432,425,3.265986323710904,3.265986323710904,83.0,74.0,66.0
18,103,25,423,70,428,75,425,72,5.656854249492381,5.656854249492381,85.0,82.12,78.0
