id,frame_num,area,min_row_bb,min_col_bb,max_row_bb,max_col_bb,centroid_row,centroid_col,major_axis_length,minor_axis_length,max_intensity,mean_intensity,min_intensity
1,20,69,242,62,251,71,246,66,9.337473201948237,9.337473201948237,98.0,79.31884057971014,62.0
3,20,109,175,181,186,192,180,186,11.783988514976622,11.783988514976622,96.0,66.4770642201835,53.0
4,20,78,95,540,104,550,99,544,10.441534419118726,9.457055431575805,82.0,56.34615384615385,41.0
6,20,9,323,636,326,639,324,637,3.265986323710904,3.265986323710904,60.0,49.333333333333336,43.0
11,20,109,449,597,460,608,454,602,11.783988514976622,11.783988514976622,98.0,63.99082568807339,39.0
14,20,45,417,112,424,119,420,115,7.542472332656507,7.542472332656507,101.0,96.82222222222222,93.0
