id,frame_num,area,min_row_bb,min_col_bb,max_row_bb,max_col_bb,centroid_row,centroid_col,major_axis_length,minor_axis_length,max_intensity,mean_intensity,min_intensity
2,97,1,299,55,300,56,299,55,0.0,0.0,45.0,45.0,45.0
3,97,69,168,169,177,178,172,173,9.337473201948237,9.337473201948237,114.0,87.55072463768116,72.0
4,97,69,175,584,184,593,179,588,9.337473201948237,9.337473201948237,94.0,67.31884057971014,51.0
9,97,9,287,637,290,640,288,638,3.265986323710904,3.265986323710904,140.0,128.55555555555554,108.0
12,97,9,438,450,441,453,439,451,3.265986323710904,3.265986323710904,64.0,57.0,47.0
18,97,25,416,67,421,72,418,69,5.656854249492381,5.656854249492381,91.0,86.92,83.0
