id,frame_num,area,min_row_bb,min_col_bb,max_row_bb,max_col_bb,centroid_row,centroid_col,major_axis_length,minor_axis_length,max_intensity,mean_intensity,min_intensity
2,90,1,288,51,289,52,288,51,0.0,0.0,44.0,44.0,44.0
3,90,69,178,162,187,171,182,166,9.337473201948237,9.337473201948237,155.0,104.42028985507247,74.0
4,90,69,166,594,175,603,170,598,9.337473201948237,9.337473201948237,158.0,111.65217391304348,85.0
9,90,9,283,638,286,641,284,639,3.265986323710904,3.265986323710904,170.0,161.11111111111111,150.0
12,90,9,420,461,423,464,421,462,3.265986323710904,3.265986323710904,103.0,88.88888888888889,77.0
18,90,25,420,61,425,66,422,63,5.656854249492381,5.656854249492381,92.0,87.04,82.0
