id,frame_num,area,min_row_bb,min_col_bb,max_row_bb,max_col_bb,centroid_row,centroid_col,major_axis_length,minor_axis_length,max_intensity,mean_intensity,min_intensity
2,100,9,300,54,303,57,301,55,3.265986323710904,3.265986323710904,80.0,78.11111111111111,77.0
3,100,85,169,173,179,183,173,178,10.715574152221835,10.062448607188925,116.0,87.83529411764705,66.0
4,100,78,170,602,179,612,174,606,10.441534419118726,9.457055431575805,169.0,100.23076923076923,74.0
9,100,9,286,636,289,639,287,637,3.265986323710904,3.265986323710904,98.0,83.33333333333333,75.0
12,100,9,438,427,441,430,439,428,3.265986323710904,3.265986323710904,81.0,72.66666666666667,66.0
18,100,25,416,66,421,71,418,68,5.656854249492381,5.656854249492381,91.0,87.28,82.0
