id,frame_num,area,min_row_bb,min_col_bb,max_row_bb,max_col_bb,centroid_row,centroid_col,major_axis_length,minor_axis_length,max_intensity,mean_intensity,min_intensity
1,49,69,283,102,292,111,287,106,9.337473201948237,9.337473201948237,178.0,103.07246376811594,42.0
3,49,109,184,178,195,189,189,183,11.783988514976622,11.783988514976622,100.0,70.1651376146789,52.0
4,49,78,154,532,163,542,158,536,10.441534419118726,9.457055431575805,68.0,47.05128205128205,32.0
9,49,9,296,638,299,641,297,639,3.265986323710904,3.265986323710904,89.0,85.77777777777777,82.0
11,49,25,454,536,459,541,456,538,5.656854249492381,5.656854249492381,108.0,90.4,75.0
14,49,9,464,57,467,60,465,58,3.265986323710904,3.265986323710904,150.0,129.22222222222223,114.0
18,49,25,447,57,452,62,449,59,5.656854249492381,5.656854249492381,182.0,128.72,62.0
