id,frame_num,area,min_row_bb,min_col_bb,max_row_bb,max_col_bb,centroid_row,centroid_col,major_axis_length,minor_axis_length,max_intensity,mean_intensity,min_intensity
1,73,69,246,73,255,82,250,77,9.337473201948237,9.337473201948237,92.0,81.92753623188406,75.0
3,73,69,169,186,178,195,173,190,9.337473201948237,9.337473201948237,120.0,84.95652173913044,61.0
4,73,91,188,587,199,597,193,592,11.684869414488903,9.868890236480865,116.0,78.48351648351648,54.0
9,73,9,266,640,269,643,267,641,3.265986323710904,3.265986323710904,100.0,96.44444444444444,94.0
12,73,9,456,481,459,484,457,482,3.265986323710904,3.265986323710904,88.0,85.11111111111111,84.0
18,73,25,423,58,428,63,425,60,5.656854249492381,5.656854249492381,116.0,93.64,81.0
