[2025-10-09 12:52:13,316][git.cmd][DEBUG] - Popen(['git', 'version'], cwd=C:\Users\jzhao16\Documents\GitHub\99-cell-tracker-gnn-test\99-cell-tracker-gnn-v02-ubu2004\logs\runs\2025-10-09\12-52-06, stdin=None, shell=False, universal_newlines=False)
[2025-10-09 12:52:13,804][git.cmd][DEBUG] - Popen(['git', 'version'], cwd=C:\Users\jzhao16\Documents\GitHub\99-cell-tracker-gnn-test\99-cell-tracker-gnn-v02-ubu2004\logs\runs\2025-10-09\12-52-06, stdin=None, shell=False, universal_newlines=False)
[2025-10-09 12:52:14,664][src.utils.utils][INFO] - Disabling python warnings! <config.disable_warnings=True>
[2025-10-09 12:52:14,707][src.train][INFO] - Instantiating datamodule <src.datamodules.celltrack_datamodule_mulSeq.CellTrackDataModule>
[2025-10-09 12:52:16,380][src.train][INFO] - Instantiating model <src.models.celltrack_plmodel.CellTrackLitModel>
[2025-10-09 12:52:16,452][src.train][INFO] - Instantiating callback <pytorch_lightning.callbacks.ModelCheckpoint>
[2025-10-09 12:52:16,454][src.train][INFO] - Instantiating callback <pytorch_lightning.callbacks.EarlyStopping>
[2025-10-09 12:52:16,455][src.train][INFO] - Instantiating logger <pytorch_lightning.loggers.tensorboard.TensorBoardLogger>
[2025-10-09 12:52:16,456][src.train][INFO] - Instantiating logger <pytorch_lightning.loggers.csv_logs.CSVLogger>
[2025-10-09 12:52:16,456][src.train][INFO] - Instantiating trainer <pytorch_lightning.Trainer>
[2025-10-09 12:52:16,460][pytorch_lightning.utilities.distributed][INFO] - GPU available: True, used: True
[2025-10-09 12:52:16,460][pytorch_lightning.utilities.distributed][INFO] - TPU available: False, using: 0 TPU cores
[2025-10-09 12:52:16,460][pytorch_lightning.utilities.distributed][INFO] - IPU available: False, using: 0 IPUs
[2025-10-09 12:52:16,460][src.train][INFO] - Logging hyperparameters!
[2025-10-09 12:52:16,478][src.train][INFO] - Starting training!
[2025-10-09 12:52:17,723][pytorch_lightning.accelerators.gpu][INFO] - LOCAL_RANK: 0 - CUDA_VISIBLE_DEVICES: [0]
[2025-10-09 12:52:17,828][fsspec.local][DEBUG] - open file: C:/Users/jzhao16/Documents/GitHub/99-cell-tracker-gnn-test/99-cell-tracker-gnn-v02-ubu2004/logs/runs/2025-10-09/12-52-06/tensorboard/default/version_0/hparams.yaml
[2025-10-09 12:52:17,850][fsspec.local][DEBUG] - open file: C:/Users/jzhao16/Documents/GitHub/99-cell-tracker-gnn-test/99-cell-tracker-gnn-v02-ubu2004/logs/runs/2025-10-09/12-52-06/csv/version_0/hparams.yaml
[2025-10-09 12:52:17,866][pytorch_lightning.core.lightning][INFO] - 
   | Name            | Type                  | Params
-----------------------------------------------------------
0  | model           | CellTrack_Model       | 249 K 
1  | criterion       | BCEWithLogitsLoss     | 0     
2  | trClassMetric   | ClassificationMetrics | 0     
3  | valClassMetric  | ClassificationMetrics | 0     
4  | testClassMetric | ClassificationMetrics | 0     
5  | train_PredCount | Countspecific         | 0     
6  | val_PredCount   | Countspecific         | 0     
7  | test_PredCount  | Countspecific         | 0     
8  | train_TarCount  | Countspecific         | 0     
9  | val_TarCount    | Countspecific         | 0     
10 | test_TarCount   | Countspecific         | 0     
-----------------------------------------------------------
249 K     Trainable params
0         Non-trainable params
249 K     Total params
0.997     Total estimated model params size (MB)
[2025-10-09 12:52:20,087][fsspec.local][DEBUG] - open file: C:/Users/jzhao16/Documents/GitHub/99-cell-tracker-gnn-test/99-cell-tracker-gnn-v02-ubu2004/logs/runs/2025-10-09/12-52-06/csv/version_0/hparams.yaml
[2025-10-09 12:52:20,149][fsspec.local][DEBUG] - open file: C:/Users/jzhao16/Documents/GitHub/99-cell-tracker-gnn-test/99-cell-tracker-gnn-v02-ubu2004/logs/runs/2025-10-09/12-52-06/checkpoints/epoch=00.ckpt
[2025-10-09 12:52:20,181][fsspec.local][DEBUG] - open file: C:/Users/jzhao16/Documents/GitHub/99-cell-tracker-gnn-test/99-cell-tracker-gnn-v02-ubu2004/logs/runs/2025-10-09/12-52-06/checkpoints/last.ckpt
[2025-10-09 12:52:20,193][fsspec.local][DEBUG] - open file: C:/Users/jzhao16/Documents/GitHub/99-cell-tracker-gnn-test/99-cell-tracker-gnn-v02-ubu2004/logs/runs/2025-10-09/12-52-06/csv/version_0/hparams.yaml
[2025-10-09 12:52:21,885][fsspec.local][DEBUG] - open file: C:/Users/jzhao16/Documents/GitHub/99-cell-tracker-gnn-test/99-cell-tracker-gnn-v02-ubu2004/logs/runs/2025-10-09/12-52-06/csv/version_0/hparams.yaml
[2025-10-09 12:52:21,941][fsspec.local][DEBUG] - open file: C:/Users/jzhao16/Documents/GitHub/99-cell-tracker-gnn-test/99-cell-tracker-gnn-v02-ubu2004/logs/runs/2025-10-09/12-52-06/checkpoints/last.ckpt
[2025-10-09 12:52:21,953][fsspec.local][DEBUG] - open file: C:/Users/jzhao16/Documents/GitHub/99-cell-tracker-gnn-test/99-cell-tracker-gnn-v02-ubu2004/logs/runs/2025-10-09/12-52-06/csv/version_0/hparams.yaml
[2025-10-09 12:52:23,640][fsspec.local][DEBUG] - open file: C:/Users/jzhao16/Documents/GitHub/99-cell-tracker-gnn-test/99-cell-tracker-gnn-v02-ubu2004/logs/runs/2025-10-09/12-52-06/csv/version_0/hparams.yaml
[2025-10-09 12:52:23,695][fsspec.local][DEBUG] - open file: C:/Users/jzhao16/Documents/GitHub/99-cell-tracker-gnn-test/99-cell-tracker-gnn-v02-ubu2004/logs/runs/2025-10-09/12-52-06/checkpoints/epoch=02.ckpt
[2025-10-09 12:52:23,729][fsspec.local][DEBUG] - open file: C:/Users/jzhao16/Documents/GitHub/99-cell-tracker-gnn-test/99-cell-tracker-gnn-v02-ubu2004/logs/runs/2025-10-09/12-52-06/checkpoints/last.ckpt
[2025-10-09 12:52:23,741][fsspec.local][DEBUG] - open file: C:/Users/jzhao16/Documents/GitHub/99-cell-tracker-gnn-test/99-cell-tracker-gnn-v02-ubu2004/logs/runs/2025-10-09/12-52-06/csv/version_0/hparams.yaml
[2025-10-09 12:52:25,645][fsspec.local][DEBUG] - open file: C:/Users/jzhao16/Documents/GitHub/99-cell-tracker-gnn-test/99-cell-tracker-gnn-v02-ubu2004/logs/runs/2025-10-09/12-52-06/csv/version_0/hparams.yaml
[2025-10-09 12:52:25,705][fsspec.local][DEBUG] - open file: C:/Users/jzhao16/Documents/GitHub/99-cell-tracker-gnn-test/99-cell-tracker-gnn-v02-ubu2004/logs/runs/2025-10-09/12-52-06/checkpoints/epoch=03.ckpt
[2025-10-09 12:52:25,740][fsspec.local][DEBUG] - open file: C:/Users/jzhao16/Documents/GitHub/99-cell-tracker-gnn-test/99-cell-tracker-gnn-v02-ubu2004/logs/runs/2025-10-09/12-52-06/checkpoints/last.ckpt
[2025-10-09 12:52:25,752][fsspec.local][DEBUG] - open file: C:/Users/jzhao16/Documents/GitHub/99-cell-tracker-gnn-test/99-cell-tracker-gnn-v02-ubu2004/logs/runs/2025-10-09/12-52-06/csv/version_0/hparams.yaml
[2025-10-09 12:52:26,712][fsspec.local][DEBUG] - open file: C:/Users/jzhao16/Documents/GitHub/99-cell-tracker-gnn-test/99-cell-tracker-gnn-v02-ubu2004/logs/runs/2025-10-09/12-52-06/csv/version_0/hparams.yaml
[2025-10-09 12:52:27,563][fsspec.local][DEBUG] - open file: C:/Users/jzhao16/Documents/GitHub/99-cell-tracker-gnn-test/99-cell-tracker-gnn-v02-ubu2004/logs/runs/2025-10-09/12-52-06/csv/version_0/hparams.yaml
[2025-10-09 12:52:27,622][fsspec.local][DEBUG] - open file: C:/Users/jzhao16/Documents/GitHub/99-cell-tracker-gnn-test/99-cell-tracker-gnn-v02-ubu2004/logs/runs/2025-10-09/12-52-06/checkpoints/last.ckpt
[2025-10-09 12:52:27,635][fsspec.local][DEBUG] - open file: C:/Users/jzhao16/Documents/GitHub/99-cell-tracker-gnn-test/99-cell-tracker-gnn-v02-ubu2004/logs/runs/2025-10-09/12-52-06/csv/version_0/hparams.yaml
[2025-10-09 12:52:29,455][fsspec.local][DEBUG] - open file: C:/Users/jzhao16/Documents/GitHub/99-cell-tracker-gnn-test/99-cell-tracker-gnn-v02-ubu2004/logs/runs/2025-10-09/12-52-06/csv/version_0/hparams.yaml
[2025-10-09 12:52:29,513][fsspec.local][DEBUG] - open file: C:/Users/jzhao16/Documents/GitHub/99-cell-tracker-gnn-test/99-cell-tracker-gnn-v02-ubu2004/logs/runs/2025-10-09/12-52-06/checkpoints/last.ckpt
[2025-10-09 12:52:29,526][fsspec.local][DEBUG] - open file: C:/Users/jzhao16/Documents/GitHub/99-cell-tracker-gnn-test/99-cell-tracker-gnn-v02-ubu2004/logs/runs/2025-10-09/12-52-06/csv/version_0/hparams.yaml
[2025-10-09 12:52:31,372][fsspec.local][DEBUG] - open file: C:/Users/jzhao16/Documents/GitHub/99-cell-tracker-gnn-test/99-cell-tracker-gnn-v02-ubu2004/logs/runs/2025-10-09/12-52-06/csv/version_0/hparams.yaml
[2025-10-09 12:52:31,434][fsspec.local][DEBUG] - open file: C:/Users/jzhao16/Documents/GitHub/99-cell-tracker-gnn-test/99-cell-tracker-gnn-v02-ubu2004/logs/runs/2025-10-09/12-52-06/checkpoints/last.ckpt
[2025-10-09 12:52:31,447][fsspec.local][DEBUG] - open file: C:/Users/jzhao16/Documents/GitHub/99-cell-tracker-gnn-test/99-cell-tracker-gnn-v02-ubu2004/logs/runs/2025-10-09/12-52-06/csv/version_0/hparams.yaml
[2025-10-09 12:52:33,322][fsspec.local][DEBUG] - open file: C:/Users/jzhao16/Documents/GitHub/99-cell-tracker-gnn-test/99-cell-tracker-gnn-v02-ubu2004/logs/runs/2025-10-09/12-52-06/csv/version_0/hparams.yaml
[2025-10-09 12:52:33,383][fsspec.local][DEBUG] - open file: C:/Users/jzhao16/Documents/GitHub/99-cell-tracker-gnn-test/99-cell-tracker-gnn-v02-ubu2004/logs/runs/2025-10-09/12-52-06/checkpoints/last.ckpt
[2025-10-09 12:52:33,397][fsspec.local][DEBUG] - open file: C:/Users/jzhao16/Documents/GitHub/99-cell-tracker-gnn-test/99-cell-tracker-gnn-v02-ubu2004/logs/runs/2025-10-09/12-52-06/csv/version_0/hparams.yaml
[2025-10-09 12:52:35,328][fsspec.local][DEBUG] - open file: C:/Users/jzhao16/Documents/GitHub/99-cell-tracker-gnn-test/99-cell-tracker-gnn-v02-ubu2004/logs/runs/2025-10-09/12-52-06/csv/version_0/hparams.yaml
[2025-10-09 12:52:35,388][fsspec.local][DEBUG] - open file: C:/Users/jzhao16/Documents/GitHub/99-cell-tracker-gnn-test/99-cell-tracker-gnn-v02-ubu2004/logs/runs/2025-10-09/12-52-06/checkpoints/last.ckpt
[2025-10-09 12:52:35,401][fsspec.local][DEBUG] - open file: C:/Users/jzhao16/Documents/GitHub/99-cell-tracker-gnn-test/99-cell-tracker-gnn-v02-ubu2004/logs/runs/2025-10-09/12-52-06/csv/version_0/hparams.yaml
[2025-10-09 12:52:35,604][fsspec.local][DEBUG] - open file: C:/Users/jzhao16/Documents/GitHub/99-cell-tracker-gnn-test/99-cell-tracker-gnn-v02-ubu2004/logs/runs/2025-10-09/12-52-06/csv/version_0/hparams.yaml
[2025-10-09 12:52:37,376][fsspec.local][DEBUG] - open file: C:/Users/jzhao16/Documents/GitHub/99-cell-tracker-gnn-test/99-cell-tracker-gnn-v02-ubu2004/logs/runs/2025-10-09/12-52-06/csv/version_0/hparams.yaml
[2025-10-09 12:52:37,438][fsspec.local][DEBUG] - open file: C:/Users/jzhao16/Documents/GitHub/99-cell-tracker-gnn-test/99-cell-tracker-gnn-v02-ubu2004/logs/runs/2025-10-09/12-52-06/checkpoints/epoch=09.ckpt
[2025-10-09 12:52:37,472][fsspec.local][DEBUG] - open file: C:/Users/jzhao16/Documents/GitHub/99-cell-tracker-gnn-test/99-cell-tracker-gnn-v02-ubu2004/logs/runs/2025-10-09/12-52-06/checkpoints/last.ckpt
[2025-10-09 12:52:37,484][fsspec.local][DEBUG] - open file: C:/Users/jzhao16/Documents/GitHub/99-cell-tracker-gnn-test/99-cell-tracker-gnn-v02-ubu2004/logs/runs/2025-10-09/12-52-06/csv/version_0/hparams.yaml
[2025-10-09 12:52:39,402][fsspec.local][DEBUG] - open file: C:/Users/jzhao16/Documents/GitHub/99-cell-tracker-gnn-test/99-cell-tracker-gnn-v02-ubu2004/logs/runs/2025-10-09/12-52-06/csv/version_0/hparams.yaml
[2025-10-09 12:52:39,464][fsspec.local][DEBUG] - open file: C:/Users/jzhao16/Documents/GitHub/99-cell-tracker-gnn-test/99-cell-tracker-gnn-v02-ubu2004/logs/runs/2025-10-09/12-52-06/checkpoints/epoch=10.ckpt
[2025-10-09 12:52:39,500][fsspec.local][DEBUG] - open file: C:/Users/jzhao16/Documents/GitHub/99-cell-tracker-gnn-test/99-cell-tracker-gnn-v02-ubu2004/logs/runs/2025-10-09/12-52-06/checkpoints/last.ckpt
[2025-10-09 12:52:39,513][fsspec.local][DEBUG] - open file: C:/Users/jzhao16/Documents/GitHub/99-cell-tracker-gnn-test/99-cell-tracker-gnn-v02-ubu2004/logs/runs/2025-10-09/12-52-06/csv/version_0/hparams.yaml
[2025-10-09 12:52:41,438][fsspec.local][DEBUG] - open file: C:/Users/jzhao16/Documents/GitHub/99-cell-tracker-gnn-test/99-cell-tracker-gnn-v02-ubu2004/logs/runs/2025-10-09/12-52-06/csv/version_0/hparams.yaml
[2025-10-09 12:52:41,498][fsspec.local][DEBUG] - open file: C:/Users/jzhao16/Documents/GitHub/99-cell-tracker-gnn-test/99-cell-tracker-gnn-v02-ubu2004/logs/runs/2025-10-09/12-52-06/checkpoints/last.ckpt
[2025-10-09 12:52:41,510][fsspec.local][DEBUG] - open file: C:/Users/jzhao16/Documents/GitHub/99-cell-tracker-gnn-test/99-cell-tracker-gnn-v02-ubu2004/logs/runs/2025-10-09/12-52-06/csv/version_0/hparams.yaml
[2025-10-09 12:52:43,459][fsspec.local][DEBUG] - open file: C:/Users/jzhao16/Documents/GitHub/99-cell-tracker-gnn-test/99-cell-tracker-gnn-v02-ubu2004/logs/runs/2025-10-09/12-52-06/csv/version_0/hparams.yaml
[2025-10-09 12:52:43,521][fsspec.local][DEBUG] - open file: C:/Users/jzhao16/Documents/GitHub/99-cell-tracker-gnn-test/99-cell-tracker-gnn-v02-ubu2004/logs/runs/2025-10-09/12-52-06/checkpoints/last.ckpt
[2025-10-09 12:52:43,534][fsspec.local][DEBUG] - open file: C:/Users/jzhao16/Documents/GitHub/99-cell-tracker-gnn-test/99-cell-tracker-gnn-v02-ubu2004/logs/runs/2025-10-09/12-52-06/csv/version_0/hparams.yaml
[2025-10-09 12:52:44,705][fsspec.local][DEBUG] - open file: C:/Users/jzhao16/Documents/GitHub/99-cell-tracker-gnn-test/99-cell-tracker-gnn-v02-ubu2004/logs/runs/2025-10-09/12-52-06/csv/version_0/hparams.yaml
[2025-10-09 12:52:45,438][fsspec.local][DEBUG] - open file: C:/Users/jzhao16/Documents/GitHub/99-cell-tracker-gnn-test/99-cell-tracker-gnn-v02-ubu2004/logs/runs/2025-10-09/12-52-06/csv/version_0/hparams.yaml
[2025-10-09 12:52:45,502][fsspec.local][DEBUG] - open file: C:/Users/jzhao16/Documents/GitHub/99-cell-tracker-gnn-test/99-cell-tracker-gnn-v02-ubu2004/logs/runs/2025-10-09/12-52-06/checkpoints/epoch=13.ckpt
[2025-10-09 12:52:45,538][fsspec.local][DEBUG] - open file: C:/Users/jzhao16/Documents/GitHub/99-cell-tracker-gnn-test/99-cell-tracker-gnn-v02-ubu2004/logs/runs/2025-10-09/12-52-06/checkpoints/last.ckpt
[2025-10-09 12:52:45,551][fsspec.local][DEBUG] - open file: C:/Users/jzhao16/Documents/GitHub/99-cell-tracker-gnn-test/99-cell-tracker-gnn-v02-ubu2004/logs/runs/2025-10-09/12-52-06/csv/version_0/hparams.yaml
[2025-10-09 12:52:47,688][fsspec.local][DEBUG] - open file: C:/Users/jzhao16/Documents/GitHub/99-cell-tracker-gnn-test/99-cell-tracker-gnn-v02-ubu2004/logs/runs/2025-10-09/12-52-06/csv/version_0/hparams.yaml
[2025-10-09 12:52:47,749][fsspec.local][DEBUG] - open file: C:/Users/jzhao16/Documents/GitHub/99-cell-tracker-gnn-test/99-cell-tracker-gnn-v02-ubu2004/logs/runs/2025-10-09/12-52-06/checkpoints/last.ckpt
[2025-10-09 12:52:47,762][fsspec.local][DEBUG] - open file: C:/Users/jzhao16/Documents/GitHub/99-cell-tracker-gnn-test/99-cell-tracker-gnn-v02-ubu2004/logs/runs/2025-10-09/12-52-06/csv/version_0/hparams.yaml
[2025-10-09 12:52:49,617][fsspec.local][DEBUG] - open file: C:/Users/jzhao16/Documents/GitHub/99-cell-tracker-gnn-test/99-cell-tracker-gnn-v02-ubu2004/logs/runs/2025-10-09/12-52-06/csv/version_0/hparams.yaml
[2025-10-09 12:52:49,679][fsspec.local][DEBUG] - open file: C:/Users/jzhao16/Documents/GitHub/99-cell-tracker-gnn-test/99-cell-tracker-gnn-v02-ubu2004/logs/runs/2025-10-09/12-52-06/checkpoints/last.ckpt
[2025-10-09 12:52:49,692][fsspec.local][DEBUG] - open file: C:/Users/jzhao16/Documents/GitHub/99-cell-tracker-gnn-test/99-cell-tracker-gnn-v02-ubu2004/logs/runs/2025-10-09/12-52-06/csv/version_0/hparams.yaml
[2025-10-09 12:52:51,556][fsspec.local][DEBUG] - open file: C:/Users/jzhao16/Documents/GitHub/99-cell-tracker-gnn-test/99-cell-tracker-gnn-v02-ubu2004/logs/runs/2025-10-09/12-52-06/csv/version_0/hparams.yaml
[2025-10-09 12:52:51,618][fsspec.local][DEBUG] - open file: C:/Users/jzhao16/Documents/GitHub/99-cell-tracker-gnn-test/99-cell-tracker-gnn-v02-ubu2004/logs/runs/2025-10-09/12-52-06/checkpoints/last.ckpt
[2025-10-09 12:52:51,631][fsspec.local][DEBUG] - open file: C:/Users/jzhao16/Documents/GitHub/99-cell-tracker-gnn-test/99-cell-tracker-gnn-v02-ubu2004/logs/runs/2025-10-09/12-52-06/csv/version_0/hparams.yaml
[2025-10-09 12:52:53,497][fsspec.local][DEBUG] - open file: C:/Users/jzhao16/Documents/GitHub/99-cell-tracker-gnn-test/99-cell-tracker-gnn-v02-ubu2004/logs/runs/2025-10-09/12-52-06/csv/version_0/hparams.yaml
[2025-10-09 12:52:53,667][fsspec.local][DEBUG] - open file: C:/Users/jzhao16/Documents/GitHub/99-cell-tracker-gnn-test/99-cell-tracker-gnn-v02-ubu2004/logs/runs/2025-10-09/12-52-06/checkpoints/last.ckpt
[2025-10-09 12:52:53,681][fsspec.local][DEBUG] - open file: C:/Users/jzhao16/Documents/GitHub/99-cell-tracker-gnn-test/99-cell-tracker-gnn-v02-ubu2004/logs/runs/2025-10-09/12-52-06/csv/version_0/hparams.yaml
[2025-10-09 12:52:54,048][fsspec.local][DEBUG] - open file: C:/Users/jzhao16/Documents/GitHub/99-cell-tracker-gnn-test/99-cell-tracker-gnn-v02-ubu2004/logs/runs/2025-10-09/12-52-06/csv/version_0/hparams.yaml
[2025-10-09 12:52:55,581][fsspec.local][DEBUG] - open file: C:/Users/jzhao16/Documents/GitHub/99-cell-tracker-gnn-test/99-cell-tracker-gnn-v02-ubu2004/logs/runs/2025-10-09/12-52-06/csv/version_0/hparams.yaml
[2025-10-09 12:52:55,646][fsspec.local][DEBUG] - open file: C:/Users/jzhao16/Documents/GitHub/99-cell-tracker-gnn-test/99-cell-tracker-gnn-v02-ubu2004/logs/runs/2025-10-09/12-52-06/checkpoints/last.ckpt
[2025-10-09 12:52:55,658][fsspec.local][DEBUG] - open file: C:/Users/jzhao16/Documents/GitHub/99-cell-tracker-gnn-test/99-cell-tracker-gnn-v02-ubu2004/logs/runs/2025-10-09/12-52-06/csv/version_0/hparams.yaml
[2025-10-09 12:52:57,540][fsspec.local][DEBUG] - open file: C:/Users/jzhao16/Documents/GitHub/99-cell-tracker-gnn-test/99-cell-tracker-gnn-v02-ubu2004/logs/runs/2025-10-09/12-52-06/csv/version_0/hparams.yaml
[2025-10-09 12:52:57,603][fsspec.local][DEBUG] - open file: C:/Users/jzhao16/Documents/GitHub/99-cell-tracker-gnn-test/99-cell-tracker-gnn-v02-ubu2004/logs/runs/2025-10-09/12-52-06/checkpoints/epoch=19.ckpt
[2025-10-09 12:52:57,638][fsspec.local][DEBUG] - open file: C:/Users/jzhao16/Documents/GitHub/99-cell-tracker-gnn-test/99-cell-tracker-gnn-v02-ubu2004/logs/runs/2025-10-09/12-52-06/checkpoints/last.ckpt
[2025-10-09 12:52:57,651][fsspec.local][DEBUG] - open file: C:/Users/jzhao16/Documents/GitHub/99-cell-tracker-gnn-test/99-cell-tracker-gnn-v02-ubu2004/logs/runs/2025-10-09/12-52-06/csv/version_0/hparams.yaml
[2025-10-09 12:52:59,540][fsspec.local][DEBUG] - open file: C:/Users/jzhao16/Documents/GitHub/99-cell-tracker-gnn-test/99-cell-tracker-gnn-v02-ubu2004/logs/runs/2025-10-09/12-52-06/csv/version_0/hparams.yaml
[2025-10-09 12:52:59,605][fsspec.local][DEBUG] - open file: C:/Users/jzhao16/Documents/GitHub/99-cell-tracker-gnn-test/99-cell-tracker-gnn-v02-ubu2004/logs/runs/2025-10-09/12-52-06/checkpoints/epoch=20.ckpt
[2025-10-09 12:52:59,640][fsspec.local][DEBUG] - open file: C:/Users/jzhao16/Documents/GitHub/99-cell-tracker-gnn-test/99-cell-tracker-gnn-v02-ubu2004/logs/runs/2025-10-09/12-52-06/checkpoints/last.ckpt
[2025-10-09 12:52:59,653][fsspec.local][DEBUG] - open file: C:/Users/jzhao16/Documents/GitHub/99-cell-tracker-gnn-test/99-cell-tracker-gnn-v02-ubu2004/logs/runs/2025-10-09/12-52-06/csv/version_0/hparams.yaml
[2025-10-09 12:53:01,541][fsspec.local][DEBUG] - open file: C:/Users/jzhao16/Documents/GitHub/99-cell-tracker-gnn-test/99-cell-tracker-gnn-v02-ubu2004/logs/runs/2025-10-09/12-52-06/csv/version_0/hparams.yaml
[2025-10-09 12:53:01,604][fsspec.local][DEBUG] - open file: C:/Users/jzhao16/Documents/GitHub/99-cell-tracker-gnn-test/99-cell-tracker-gnn-v02-ubu2004/logs/runs/2025-10-09/12-52-06/checkpoints/last.ckpt
[2025-10-09 12:53:01,616][fsspec.local][DEBUG] - open file: C:/Users/jzhao16/Documents/GitHub/99-cell-tracker-gnn-test/99-cell-tracker-gnn-v02-ubu2004/logs/runs/2025-10-09/12-52-06/csv/version_0/hparams.yaml
[2025-10-09 12:53:02,948][fsspec.local][DEBUG] - open file: C:/Users/jzhao16/Documents/GitHub/99-cell-tracker-gnn-test/99-cell-tracker-gnn-v02-ubu2004/logs/runs/2025-10-09/12-52-06/csv/version_0/hparams.yaml
[2025-10-09 12:53:03,523][fsspec.local][DEBUG] - open file: C:/Users/jzhao16/Documents/GitHub/99-cell-tracker-gnn-test/99-cell-tracker-gnn-v02-ubu2004/logs/runs/2025-10-09/12-52-06/csv/version_0/hparams.yaml
[2025-10-09 12:53:03,588][fsspec.local][DEBUG] - open file: C:/Users/jzhao16/Documents/GitHub/99-cell-tracker-gnn-test/99-cell-tracker-gnn-v02-ubu2004/logs/runs/2025-10-09/12-52-06/checkpoints/last.ckpt
[2025-10-09 12:53:03,601][fsspec.local][DEBUG] - open file: C:/Users/jzhao16/Documents/GitHub/99-cell-tracker-gnn-test/99-cell-tracker-gnn-v02-ubu2004/logs/runs/2025-10-09/12-52-06/csv/version_0/hparams.yaml
[2025-10-09 12:53:05,520][fsspec.local][DEBUG] - open file: C:/Users/jzhao16/Documents/GitHub/99-cell-tracker-gnn-test/99-cell-tracker-gnn-v02-ubu2004/logs/runs/2025-10-09/12-52-06/csv/version_0/hparams.yaml
[2025-10-09 12:53:05,586][fsspec.local][DEBUG] - open file: C:/Users/jzhao16/Documents/GitHub/99-cell-tracker-gnn-test/99-cell-tracker-gnn-v02-ubu2004/logs/runs/2025-10-09/12-52-06/checkpoints/last.ckpt
[2025-10-09 12:53:05,598][fsspec.local][DEBUG] - open file: C:/Users/jzhao16/Documents/GitHub/99-cell-tracker-gnn-test/99-cell-tracker-gnn-v02-ubu2004/logs/runs/2025-10-09/12-52-06/csv/version_0/hparams.yaml
[2025-10-09 12:53:07,464][fsspec.local][DEBUG] - open file: C:/Users/jzhao16/Documents/GitHub/99-cell-tracker-gnn-test/99-cell-tracker-gnn-v02-ubu2004/logs/runs/2025-10-09/12-52-06/csv/version_0/hparams.yaml
[2025-10-09 12:53:07,529][fsspec.local][DEBUG] - open file: C:/Users/jzhao16/Documents/GitHub/99-cell-tracker-gnn-test/99-cell-tracker-gnn-v02-ubu2004/logs/runs/2025-10-09/12-52-06/checkpoints/last.ckpt
[2025-10-09 12:53:07,541][fsspec.local][DEBUG] - open file: C:/Users/jzhao16/Documents/GitHub/99-cell-tracker-gnn-test/99-cell-tracker-gnn-v02-ubu2004/logs/runs/2025-10-09/12-52-06/csv/version_0/hparams.yaml
[2025-10-09 12:53:09,608][fsspec.local][DEBUG] - open file: C:/Users/jzhao16/Documents/GitHub/99-cell-tracker-gnn-test/99-cell-tracker-gnn-v02-ubu2004/logs/runs/2025-10-09/12-52-06/csv/version_0/hparams.yaml
[2025-10-09 12:53:09,673][fsspec.local][DEBUG] - open file: C:/Users/jzhao16/Documents/GitHub/99-cell-tracker-gnn-test/99-cell-tracker-gnn-v02-ubu2004/logs/runs/2025-10-09/12-52-06/checkpoints/last.ckpt
[2025-10-09 12:53:09,685][fsspec.local][DEBUG] - open file: C:/Users/jzhao16/Documents/GitHub/99-cell-tracker-gnn-test/99-cell-tracker-gnn-v02-ubu2004/logs/runs/2025-10-09/12-52-06/csv/version_0/hparams.yaml
[2025-10-09 12:53:11,556][fsspec.local][DEBUG] - open file: C:/Users/jzhao16/Documents/GitHub/99-cell-tracker-gnn-test/99-cell-tracker-gnn-v02-ubu2004/logs/runs/2025-10-09/12-52-06/csv/version_0/hparams.yaml
[2025-10-09 12:53:11,619][fsspec.local][DEBUG] - open file: C:/Users/jzhao16/Documents/GitHub/99-cell-tracker-gnn-test/99-cell-tracker-gnn-v02-ubu2004/logs/runs/2025-10-09/12-52-06/checkpoints/last.ckpt
[2025-10-09 12:53:11,631][fsspec.local][DEBUG] - open file: C:/Users/jzhao16/Documents/GitHub/99-cell-tracker-gnn-test/99-cell-tracker-gnn-v02-ubu2004/logs/runs/2025-10-09/12-52-06/csv/version_0/hparams.yaml
[2025-10-09 12:53:12,171][fsspec.local][DEBUG] - open file: C:/Users/jzhao16/Documents/GitHub/99-cell-tracker-gnn-test/99-cell-tracker-gnn-v02-ubu2004/logs/runs/2025-10-09/12-52-06/csv/version_0/hparams.yaml
[2025-10-09 12:53:13,652][fsspec.local][DEBUG] - open file: C:/Users/jzhao16/Documents/GitHub/99-cell-tracker-gnn-test/99-cell-tracker-gnn-v02-ubu2004/logs/runs/2025-10-09/12-52-06/csv/version_0/hparams.yaml
[2025-10-09 12:53:13,723][fsspec.local][DEBUG] - open file: C:/Users/jzhao16/Documents/GitHub/99-cell-tracker-gnn-test/99-cell-tracker-gnn-v02-ubu2004/logs/runs/2025-10-09/12-52-06/checkpoints/last.ckpt
[2025-10-09 12:53:13,737][fsspec.local][DEBUG] - open file: C:/Users/jzhao16/Documents/GitHub/99-cell-tracker-gnn-test/99-cell-tracker-gnn-v02-ubu2004/logs/runs/2025-10-09/12-52-06/csv/version_0/hparams.yaml
[2025-10-09 12:53:15,612][fsspec.local][DEBUG] - open file: C:/Users/jzhao16/Documents/GitHub/99-cell-tracker-gnn-test/99-cell-tracker-gnn-v02-ubu2004/logs/runs/2025-10-09/12-52-06/csv/version_0/hparams.yaml
[2025-10-09 12:53:15,680][fsspec.local][DEBUG] - open file: C:/Users/jzhao16/Documents/GitHub/99-cell-tracker-gnn-test/99-cell-tracker-gnn-v02-ubu2004/logs/runs/2025-10-09/12-52-06/checkpoints/epoch=28.ckpt
[2025-10-09 12:53:15,715][fsspec.local][DEBUG] - open file: C:/Users/jzhao16/Documents/GitHub/99-cell-tracker-gnn-test/99-cell-tracker-gnn-v02-ubu2004/logs/runs/2025-10-09/12-52-06/checkpoints/last.ckpt
[2025-10-09 12:53:15,727][fsspec.local][DEBUG] - open file: C:/Users/jzhao16/Documents/GitHub/99-cell-tracker-gnn-test/99-cell-tracker-gnn-v02-ubu2004/logs/runs/2025-10-09/12-52-06/csv/version_0/hparams.yaml
[2025-10-09 12:53:17,566][fsspec.local][DEBUG] - open file: C:/Users/jzhao16/Documents/GitHub/99-cell-tracker-gnn-test/99-cell-tracker-gnn-v02-ubu2004/logs/runs/2025-10-09/12-52-06/csv/version_0/hparams.yaml
[2025-10-09 12:53:17,637][fsspec.local][DEBUG] - open file: C:/Users/jzhao16/Documents/GitHub/99-cell-tracker-gnn-test/99-cell-tracker-gnn-v02-ubu2004/logs/runs/2025-10-09/12-52-06/checkpoints/epoch=29.ckpt
[2025-10-09 12:53:17,671][fsspec.local][DEBUG] - open file: C:/Users/jzhao16/Documents/GitHub/99-cell-tracker-gnn-test/99-cell-tracker-gnn-v02-ubu2004/logs/runs/2025-10-09/12-52-06/checkpoints/last.ckpt
[2025-10-09 12:53:17,684][fsspec.local][DEBUG] - open file: C:/Users/jzhao16/Documents/GitHub/99-cell-tracker-gnn-test/99-cell-tracker-gnn-v02-ubu2004/logs/runs/2025-10-09/12-52-06/csv/version_0/hparams.yaml
[2025-10-09 12:53:19,680][fsspec.local][DEBUG] - open file: C:/Users/jzhao16/Documents/GitHub/99-cell-tracker-gnn-test/99-cell-tracker-gnn-v02-ubu2004/logs/runs/2025-10-09/12-52-06/csv/version_0/hparams.yaml
[2025-10-09 12:53:19,744][fsspec.local][DEBUG] - open file: C:/Users/jzhao16/Documents/GitHub/99-cell-tracker-gnn-test/99-cell-tracker-gnn-v02-ubu2004/logs/runs/2025-10-09/12-52-06/checkpoints/last.ckpt
[2025-10-09 12:53:19,757][fsspec.local][DEBUG] - open file: C:/Users/jzhao16/Documents/GitHub/99-cell-tracker-gnn-test/99-cell-tracker-gnn-v02-ubu2004/logs/runs/2025-10-09/12-52-06/csv/version_0/hparams.yaml
[2025-10-09 12:53:21,232][fsspec.local][DEBUG] - open file: C:/Users/jzhao16/Documents/GitHub/99-cell-tracker-gnn-test/99-cell-tracker-gnn-v02-ubu2004/logs/runs/2025-10-09/12-52-06/csv/version_0/hparams.yaml
[2025-10-09 12:53:21,663][fsspec.local][DEBUG] - open file: C:/Users/jzhao16/Documents/GitHub/99-cell-tracker-gnn-test/99-cell-tracker-gnn-v02-ubu2004/logs/runs/2025-10-09/12-52-06/csv/version_0/hparams.yaml
[2025-10-09 12:53:21,729][fsspec.local][DEBUG] - open file: C:/Users/jzhao16/Documents/GitHub/99-cell-tracker-gnn-test/99-cell-tracker-gnn-v02-ubu2004/logs/runs/2025-10-09/12-52-06/checkpoints/last.ckpt
[2025-10-09 12:53:21,742][fsspec.local][DEBUG] - open file: C:/Users/jzhao16/Documents/GitHub/99-cell-tracker-gnn-test/99-cell-tracker-gnn-v02-ubu2004/logs/runs/2025-10-09/12-52-06/csv/version_0/hparams.yaml
[2025-10-09 12:53:23,731][fsspec.local][DEBUG] - open file: C:/Users/jzhao16/Documents/GitHub/99-cell-tracker-gnn-test/99-cell-tracker-gnn-v02-ubu2004/logs/runs/2025-10-09/12-52-06/csv/version_0/hparams.yaml
[2025-10-09 12:53:23,801][fsspec.local][DEBUG] - open file: C:/Users/jzhao16/Documents/GitHub/99-cell-tracker-gnn-test/99-cell-tracker-gnn-v02-ubu2004/logs/runs/2025-10-09/12-52-06/checkpoints/last.ckpt
[2025-10-09 12:53:23,815][fsspec.local][DEBUG] - open file: C:/Users/jzhao16/Documents/GitHub/99-cell-tracker-gnn-test/99-cell-tracker-gnn-v02-ubu2004/logs/runs/2025-10-09/12-52-06/csv/version_0/hparams.yaml
[2025-10-09 12:53:25,965][fsspec.local][DEBUG] - open file: C:/Users/jzhao16/Documents/GitHub/99-cell-tracker-gnn-test/99-cell-tracker-gnn-v02-ubu2004/logs/runs/2025-10-09/12-52-06/csv/version_0/hparams.yaml
[2025-10-09 12:53:26,034][fsspec.local][DEBUG] - open file: C:/Users/jzhao16/Documents/GitHub/99-cell-tracker-gnn-test/99-cell-tracker-gnn-v02-ubu2004/logs/runs/2025-10-09/12-52-06/checkpoints/last.ckpt
[2025-10-09 12:53:26,047][fsspec.local][DEBUG] - open file: C:/Users/jzhao16/Documents/GitHub/99-cell-tracker-gnn-test/99-cell-tracker-gnn-v02-ubu2004/logs/runs/2025-10-09/12-52-06/csv/version_0/hparams.yaml
[2025-10-09 12:53:28,054][fsspec.local][DEBUG] - open file: C:/Users/jzhao16/Documents/GitHub/99-cell-tracker-gnn-test/99-cell-tracker-gnn-v02-ubu2004/logs/runs/2025-10-09/12-52-06/csv/version_0/hparams.yaml
[2025-10-09 12:53:28,127][fsspec.local][DEBUG] - open file: C:/Users/jzhao16/Documents/GitHub/99-cell-tracker-gnn-test/99-cell-tracker-gnn-v02-ubu2004/logs/runs/2025-10-09/12-52-06/checkpoints/epoch=34.ckpt
[2025-10-09 12:53:28,165][fsspec.local][DEBUG] - open file: C:/Users/jzhao16/Documents/GitHub/99-cell-tracker-gnn-test/99-cell-tracker-gnn-v02-ubu2004/logs/runs/2025-10-09/12-52-06/checkpoints/last.ckpt
[2025-10-09 12:53:28,182][fsspec.local][DEBUG] - open file: C:/Users/jzhao16/Documents/GitHub/99-cell-tracker-gnn-test/99-cell-tracker-gnn-v02-ubu2004/logs/runs/2025-10-09/12-52-06/csv/version_0/hparams.yaml
[2025-10-09 12:53:30,231][fsspec.local][DEBUG] - open file: C:/Users/jzhao16/Documents/GitHub/99-cell-tracker-gnn-test/99-cell-tracker-gnn-v02-ubu2004/logs/runs/2025-10-09/12-52-06/csv/version_0/hparams.yaml
[2025-10-09 12:53:30,300][fsspec.local][DEBUG] - open file: C:/Users/jzhao16/Documents/GitHub/99-cell-tracker-gnn-test/99-cell-tracker-gnn-v02-ubu2004/logs/runs/2025-10-09/12-52-06/checkpoints/last.ckpt
[2025-10-09 12:53:30,313][fsspec.local][DEBUG] - open file: C:/Users/jzhao16/Documents/GitHub/99-cell-tracker-gnn-test/99-cell-tracker-gnn-v02-ubu2004/logs/runs/2025-10-09/12-52-06/csv/version_0/hparams.yaml
[2025-10-09 12:53:31,089][fsspec.local][DEBUG] - open file: C:/Users/jzhao16/Documents/GitHub/99-cell-tracker-gnn-test/99-cell-tracker-gnn-v02-ubu2004/logs/runs/2025-10-09/12-52-06/csv/version_0/hparams.yaml
[2025-10-09 12:53:32,370][fsspec.local][DEBUG] - open file: C:/Users/jzhao16/Documents/GitHub/99-cell-tracker-gnn-test/99-cell-tracker-gnn-v02-ubu2004/logs/runs/2025-10-09/12-52-06/csv/version_0/hparams.yaml
[2025-10-09 12:53:32,733][fsspec.local][DEBUG] - open file: C:/Users/jzhao16/Documents/GitHub/99-cell-tracker-gnn-test/99-cell-tracker-gnn-v02-ubu2004/logs/runs/2025-10-09/12-52-06/checkpoints/last.ckpt
[2025-10-09 12:53:32,755][fsspec.local][DEBUG] - open file: C:/Users/jzhao16/Documents/GitHub/99-cell-tracker-gnn-test/99-cell-tracker-gnn-v02-ubu2004/logs/runs/2025-10-09/12-52-06/csv/version_0/hparams.yaml
[2025-10-09 12:53:35,319][fsspec.local][DEBUG] - open file: C:/Users/jzhao16/Documents/GitHub/99-cell-tracker-gnn-test/99-cell-tracker-gnn-v02-ubu2004/logs/runs/2025-10-09/12-52-06/csv/version_0/hparams.yaml
[2025-10-09 12:53:35,415][fsspec.local][DEBUG] - open file: C:/Users/jzhao16/Documents/GitHub/99-cell-tracker-gnn-test/99-cell-tracker-gnn-v02-ubu2004/logs/runs/2025-10-09/12-52-06/checkpoints/epoch=37.ckpt
[2025-10-09 12:53:35,463][fsspec.local][DEBUG] - open file: C:/Users/jzhao16/Documents/GitHub/99-cell-tracker-gnn-test/99-cell-tracker-gnn-v02-ubu2004/logs/runs/2025-10-09/12-52-06/checkpoints/last.ckpt
[2025-10-09 12:53:35,480][fsspec.local][DEBUG] - open file: C:/Users/jzhao16/Documents/GitHub/99-cell-tracker-gnn-test/99-cell-tracker-gnn-v02-ubu2004/logs/runs/2025-10-09/12-52-06/csv/version_0/hparams.yaml
[2025-10-09 12:53:38,432][fsspec.local][DEBUG] - open file: C:/Users/jzhao16/Documents/GitHub/99-cell-tracker-gnn-test/99-cell-tracker-gnn-v02-ubu2004/logs/runs/2025-10-09/12-52-06/csv/version_0/hparams.yaml
[2025-10-09 12:53:38,548][fsspec.local][DEBUG] - open file: C:/Users/jzhao16/Documents/GitHub/99-cell-tracker-gnn-test/99-cell-tracker-gnn-v02-ubu2004/logs/runs/2025-10-09/12-52-06/checkpoints/last.ckpt
[2025-10-09 12:53:38,568][fsspec.local][DEBUG] - open file: C:/Users/jzhao16/Documents/GitHub/99-cell-tracker-gnn-test/99-cell-tracker-gnn-v02-ubu2004/logs/runs/2025-10-09/12-52-06/csv/version_0/hparams.yaml
[2025-10-09 12:53:40,865][fsspec.local][DEBUG] - open file: C:/Users/jzhao16/Documents/GitHub/99-cell-tracker-gnn-test/99-cell-tracker-gnn-v02-ubu2004/logs/runs/2025-10-09/12-52-06/csv/version_0/hparams.yaml
[2025-10-09 12:53:40,956][fsspec.local][DEBUG] - open file: C:/Users/jzhao16/Documents/GitHub/99-cell-tracker-gnn-test/99-cell-tracker-gnn-v02-ubu2004/logs/runs/2025-10-09/12-52-06/checkpoints/last.ckpt
[2025-10-09 12:53:40,970][fsspec.local][DEBUG] - open file: C:/Users/jzhao16/Documents/GitHub/99-cell-tracker-gnn-test/99-cell-tracker-gnn-v02-ubu2004/logs/runs/2025-10-09/12-52-06/csv/version_0/hparams.yaml
[2025-10-09 12:53:43,108][fsspec.local][DEBUG] - open file: C:/Users/jzhao16/Documents/GitHub/99-cell-tracker-gnn-test/99-cell-tracker-gnn-v02-ubu2004/logs/runs/2025-10-09/12-52-06/csv/version_0/hparams.yaml
[2025-10-09 12:53:43,428][fsspec.local][DEBUG] - open file: C:/Users/jzhao16/Documents/GitHub/99-cell-tracker-gnn-test/99-cell-tracker-gnn-v02-ubu2004/logs/runs/2025-10-09/12-52-06/csv/version_0/hparams.yaml
[2025-10-09 12:53:43,510][fsspec.local][DEBUG] - open file: C:/Users/jzhao16/Documents/GitHub/99-cell-tracker-gnn-test/99-cell-tracker-gnn-v02-ubu2004/logs/runs/2025-10-09/12-52-06/checkpoints/last.ckpt
[2025-10-09 12:53:43,523][fsspec.local][DEBUG] - open file: C:/Users/jzhao16/Documents/GitHub/99-cell-tracker-gnn-test/99-cell-tracker-gnn-v02-ubu2004/logs/runs/2025-10-09/12-52-06/csv/version_0/hparams.yaml
[2025-10-09 12:53:46,001][fsspec.local][DEBUG] - open file: C:/Users/jzhao16/Documents/GitHub/99-cell-tracker-gnn-test/99-cell-tracker-gnn-v02-ubu2004/logs/runs/2025-10-09/12-52-06/csv/version_0/hparams.yaml
[2025-10-09 12:53:46,096][fsspec.local][DEBUG] - open file: C:/Users/jzhao16/Documents/GitHub/99-cell-tracker-gnn-test/99-cell-tracker-gnn-v02-ubu2004/logs/runs/2025-10-09/12-52-06/checkpoints/last.ckpt
[2025-10-09 12:53:46,117][fsspec.local][DEBUG] - open file: C:/Users/jzhao16/Documents/GitHub/99-cell-tracker-gnn-test/99-cell-tracker-gnn-v02-ubu2004/logs/runs/2025-10-09/12-52-06/csv/version_0/hparams.yaml
[2025-10-09 12:53:49,031][fsspec.local][DEBUG] - open file: C:/Users/jzhao16/Documents/GitHub/99-cell-tracker-gnn-test/99-cell-tracker-gnn-v02-ubu2004/logs/runs/2025-10-09/12-52-06/csv/version_0/hparams.yaml
[2025-10-09 12:53:49,139][fsspec.local][DEBUG] - open file: C:/Users/jzhao16/Documents/GitHub/99-cell-tracker-gnn-test/99-cell-tracker-gnn-v02-ubu2004/logs/runs/2025-10-09/12-52-06/checkpoints/last.ckpt
[2025-10-09 12:53:49,158][fsspec.local][DEBUG] - open file: C:/Users/jzhao16/Documents/GitHub/99-cell-tracker-gnn-test/99-cell-tracker-gnn-v02-ubu2004/logs/runs/2025-10-09/12-52-06/csv/version_0/hparams.yaml
[2025-10-09 12:53:51,532][fsspec.local][DEBUG] - open file: C:/Users/jzhao16/Documents/GitHub/99-cell-tracker-gnn-test/99-cell-tracker-gnn-v02-ubu2004/logs/runs/2025-10-09/12-52-06/csv/version_0/hparams.yaml
[2025-10-09 12:53:51,608][fsspec.local][DEBUG] - open file: C:/Users/jzhao16/Documents/GitHub/99-cell-tracker-gnn-test/99-cell-tracker-gnn-v02-ubu2004/logs/runs/2025-10-09/12-52-06/checkpoints/last.ckpt
[2025-10-09 12:53:51,621][fsspec.local][DEBUG] - open file: C:/Users/jzhao16/Documents/GitHub/99-cell-tracker-gnn-test/99-cell-tracker-gnn-v02-ubu2004/logs/runs/2025-10-09/12-52-06/csv/version_0/hparams.yaml
[2025-10-09 12:53:53,881][fsspec.local][DEBUG] - open file: C:/Users/jzhao16/Documents/GitHub/99-cell-tracker-gnn-test/99-cell-tracker-gnn-v02-ubu2004/logs/runs/2025-10-09/12-52-06/csv/version_0/hparams.yaml
[2025-10-09 12:53:53,951][fsspec.local][DEBUG] - open file: C:/Users/jzhao16/Documents/GitHub/99-cell-tracker-gnn-test/99-cell-tracker-gnn-v02-ubu2004/logs/runs/2025-10-09/12-52-06/checkpoints/last.ckpt
[2025-10-09 12:53:53,965][fsspec.local][DEBUG] - open file: C:/Users/jzhao16/Documents/GitHub/99-cell-tracker-gnn-test/99-cell-tracker-gnn-v02-ubu2004/logs/runs/2025-10-09/12-52-06/csv/version_0/hparams.yaml
[2025-10-09 12:53:54,913][fsspec.local][DEBUG] - open file: C:/Users/jzhao16/Documents/GitHub/99-cell-tracker-gnn-test/99-cell-tracker-gnn-v02-ubu2004/logs/runs/2025-10-09/12-52-06/csv/version_0/hparams.yaml
[2025-10-09 12:53:55,999][fsspec.local][DEBUG] - open file: C:/Users/jzhao16/Documents/GitHub/99-cell-tracker-gnn-test/99-cell-tracker-gnn-v02-ubu2004/logs/runs/2025-10-09/12-52-06/csv/version_0/hparams.yaml
[2025-10-09 12:53:56,073][fsspec.local][DEBUG] - open file: C:/Users/jzhao16/Documents/GitHub/99-cell-tracker-gnn-test/99-cell-tracker-gnn-v02-ubu2004/logs/runs/2025-10-09/12-52-06/checkpoints/last.ckpt
[2025-10-09 12:53:56,087][fsspec.local][DEBUG] - open file: C:/Users/jzhao16/Documents/GitHub/99-cell-tracker-gnn-test/99-cell-tracker-gnn-v02-ubu2004/logs/runs/2025-10-09/12-52-06/csv/version_0/hparams.yaml
[2025-10-09 12:53:58,176][fsspec.local][DEBUG] - open file: C:/Users/jzhao16/Documents/GitHub/99-cell-tracker-gnn-test/99-cell-tracker-gnn-v02-ubu2004/logs/runs/2025-10-09/12-52-06/csv/version_0/hparams.yaml
[2025-10-09 12:53:58,244][fsspec.local][DEBUG] - open file: C:/Users/jzhao16/Documents/GitHub/99-cell-tracker-gnn-test/99-cell-tracker-gnn-v02-ubu2004/logs/runs/2025-10-09/12-52-06/checkpoints/last.ckpt
[2025-10-09 12:53:58,257][fsspec.local][DEBUG] - open file: C:/Users/jzhao16/Documents/GitHub/99-cell-tracker-gnn-test/99-cell-tracker-gnn-v02-ubu2004/logs/runs/2025-10-09/12-52-06/csv/version_0/hparams.yaml
[2025-10-09 12:54:00,202][fsspec.local][DEBUG] - open file: C:/Users/jzhao16/Documents/GitHub/99-cell-tracker-gnn-test/99-cell-tracker-gnn-v02-ubu2004/logs/runs/2025-10-09/12-52-06/csv/version_0/hparams.yaml
[2025-10-09 12:54:00,277][fsspec.local][DEBUG] - open file: C:/Users/jzhao16/Documents/GitHub/99-cell-tracker-gnn-test/99-cell-tracker-gnn-v02-ubu2004/logs/runs/2025-10-09/12-52-06/checkpoints/epoch=47.ckpt
[2025-10-09 12:54:00,313][fsspec.local][DEBUG] - open file: C:/Users/jzhao16/Documents/GitHub/99-cell-tracker-gnn-test/99-cell-tracker-gnn-v02-ubu2004/logs/runs/2025-10-09/12-52-06/checkpoints/last.ckpt
[2025-10-09 12:54:00,327][fsspec.local][DEBUG] - open file: C:/Users/jzhao16/Documents/GitHub/99-cell-tracker-gnn-test/99-cell-tracker-gnn-v02-ubu2004/logs/runs/2025-10-09/12-52-06/csv/version_0/hparams.yaml
[2025-10-09 12:54:02,917][fsspec.local][DEBUG] - open file: C:/Users/jzhao16/Documents/GitHub/99-cell-tracker-gnn-test/99-cell-tracker-gnn-v02-ubu2004/logs/runs/2025-10-09/12-52-06/csv/version_0/hparams.yaml
[2025-10-09 12:54:03,023][fsspec.local][DEBUG] - open file: C:/Users/jzhao16/Documents/GitHub/99-cell-tracker-gnn-test/99-cell-tracker-gnn-v02-ubu2004/logs/runs/2025-10-09/12-52-06/checkpoints/last.ckpt
[2025-10-09 12:54:03,044][fsspec.local][DEBUG] - open file: C:/Users/jzhao16/Documents/GitHub/99-cell-tracker-gnn-test/99-cell-tracker-gnn-v02-ubu2004/logs/runs/2025-10-09/12-52-06/csv/version_0/hparams.yaml
[2025-10-09 12:54:05,721][fsspec.local][DEBUG] - open file: C:/Users/jzhao16/Documents/GitHub/99-cell-tracker-gnn-test/99-cell-tracker-gnn-v02-ubu2004/logs/runs/2025-10-09/12-52-06/csv/version_0/hparams.yaml
[2025-10-09 12:54:05,756][fsspec.local][DEBUG] - open file: C:/Users/jzhao16/Documents/GitHub/99-cell-tracker-gnn-test/99-cell-tracker-gnn-v02-ubu2004/logs/runs/2025-10-09/12-52-06/csv/version_0/hparams.yaml
[2025-10-09 12:54:05,833][fsspec.local][DEBUG] - open file: C:/Users/jzhao16/Documents/GitHub/99-cell-tracker-gnn-test/99-cell-tracker-gnn-v02-ubu2004/logs/runs/2025-10-09/12-52-06/checkpoints/last.ckpt
[2025-10-09 12:54:05,850][fsspec.local][DEBUG] - open file: C:/Users/jzhao16/Documents/GitHub/99-cell-tracker-gnn-test/99-cell-tracker-gnn-v02-ubu2004/logs/runs/2025-10-09/12-52-06/csv/version_0/hparams.yaml
[2025-10-09 12:54:07,982][fsspec.local][DEBUG] - open file: C:/Users/jzhao16/Documents/GitHub/99-cell-tracker-gnn-test/99-cell-tracker-gnn-v02-ubu2004/logs/runs/2025-10-09/12-52-06/csv/version_0/hparams.yaml
[2025-10-09 12:54:08,059][fsspec.local][DEBUG] - open file: C:/Users/jzhao16/Documents/GitHub/99-cell-tracker-gnn-test/99-cell-tracker-gnn-v02-ubu2004/logs/runs/2025-10-09/12-52-06/checkpoints/last.ckpt
[2025-10-09 12:54:08,075][fsspec.local][DEBUG] - open file: C:/Users/jzhao16/Documents/GitHub/99-cell-tracker-gnn-test/99-cell-tracker-gnn-v02-ubu2004/logs/runs/2025-10-09/12-52-06/csv/version_0/hparams.yaml
[2025-10-09 12:54:10,148][fsspec.local][DEBUG] - open file: C:/Users/jzhao16/Documents/GitHub/99-cell-tracker-gnn-test/99-cell-tracker-gnn-v02-ubu2004/logs/runs/2025-10-09/12-52-06/csv/version_0/hparams.yaml
[2025-10-09 12:54:10,234][fsspec.local][DEBUG] - open file: C:/Users/jzhao16/Documents/GitHub/99-cell-tracker-gnn-test/99-cell-tracker-gnn-v02-ubu2004/logs/runs/2025-10-09/12-52-06/checkpoints/last.ckpt
[2025-10-09 12:54:10,248][fsspec.local][DEBUG] - open file: C:/Users/jzhao16/Documents/GitHub/99-cell-tracker-gnn-test/99-cell-tracker-gnn-v02-ubu2004/logs/runs/2025-10-09/12-52-06/csv/version_0/hparams.yaml
[2025-10-09 12:54:12,250][fsspec.local][DEBUG] - open file: C:/Users/jzhao16/Documents/GitHub/99-cell-tracker-gnn-test/99-cell-tracker-gnn-v02-ubu2004/logs/runs/2025-10-09/12-52-06/csv/version_0/hparams.yaml
[2025-10-09 12:54:12,330][fsspec.local][DEBUG] - open file: C:/Users/jzhao16/Documents/GitHub/99-cell-tracker-gnn-test/99-cell-tracker-gnn-v02-ubu2004/logs/runs/2025-10-09/12-52-06/checkpoints/last.ckpt
[2025-10-09 12:54:12,345][fsspec.local][DEBUG] - open file: C:/Users/jzhao16/Documents/GitHub/99-cell-tracker-gnn-test/99-cell-tracker-gnn-v02-ubu2004/logs/runs/2025-10-09/12-52-06/csv/version_0/hparams.yaml
[2025-10-09 12:54:14,352][fsspec.local][DEBUG] - open file: C:/Users/jzhao16/Documents/GitHub/99-cell-tracker-gnn-test/99-cell-tracker-gnn-v02-ubu2004/logs/runs/2025-10-09/12-52-06/csv/version_0/hparams.yaml
[2025-10-09 12:54:14,427][fsspec.local][DEBUG] - open file: C:/Users/jzhao16/Documents/GitHub/99-cell-tracker-gnn-test/99-cell-tracker-gnn-v02-ubu2004/logs/runs/2025-10-09/12-52-06/checkpoints/last.ckpt
[2025-10-09 12:54:14,441][fsspec.local][DEBUG] - open file: C:/Users/jzhao16/Documents/GitHub/99-cell-tracker-gnn-test/99-cell-tracker-gnn-v02-ubu2004/logs/runs/2025-10-09/12-52-06/csv/version_0/hparams.yaml
[2025-10-09 12:54:15,514][fsspec.local][DEBUG] - open file: C:/Users/jzhao16/Documents/GitHub/99-cell-tracker-gnn-test/99-cell-tracker-gnn-v02-ubu2004/logs/runs/2025-10-09/12-52-06/csv/version_0/hparams.yaml
[2025-10-09 12:54:16,436][fsspec.local][DEBUG] - open file: C:/Users/jzhao16/Documents/GitHub/99-cell-tracker-gnn-test/99-cell-tracker-gnn-v02-ubu2004/logs/runs/2025-10-09/12-52-06/csv/version_0/hparams.yaml
[2025-10-09 12:54:16,513][fsspec.local][DEBUG] - open file: C:/Users/jzhao16/Documents/GitHub/99-cell-tracker-gnn-test/99-cell-tracker-gnn-v02-ubu2004/logs/runs/2025-10-09/12-52-06/checkpoints/last.ckpt
[2025-10-09 12:54:16,527][fsspec.local][DEBUG] - open file: C:/Users/jzhao16/Documents/GitHub/99-cell-tracker-gnn-test/99-cell-tracker-gnn-v02-ubu2004/logs/runs/2025-10-09/12-52-06/csv/version_0/hparams.yaml
[2025-10-09 12:54:18,844][fsspec.local][DEBUG] - open file: C:/Users/jzhao16/Documents/GitHub/99-cell-tracker-gnn-test/99-cell-tracker-gnn-v02-ubu2004/logs/runs/2025-10-09/12-52-06/csv/version_0/hparams.yaml
[2025-10-09 12:54:18,922][fsspec.local][DEBUG] - open file: C:/Users/jzhao16/Documents/GitHub/99-cell-tracker-gnn-test/99-cell-tracker-gnn-v02-ubu2004/logs/runs/2025-10-09/12-52-06/checkpoints/last.ckpt
[2025-10-09 12:54:18,940][fsspec.local][DEBUG] - open file: C:/Users/jzhao16/Documents/GitHub/99-cell-tracker-gnn-test/99-cell-tracker-gnn-v02-ubu2004/logs/runs/2025-10-09/12-52-06/csv/version_0/hparams.yaml
[2025-10-09 12:54:20,953][fsspec.local][DEBUG] - open file: C:/Users/jzhao16/Documents/GitHub/99-cell-tracker-gnn-test/99-cell-tracker-gnn-v02-ubu2004/logs/runs/2025-10-09/12-52-06/csv/version_0/hparams.yaml
[2025-10-09 12:54:21,030][fsspec.local][DEBUG] - open file: C:/Users/jzhao16/Documents/GitHub/99-cell-tracker-gnn-test/99-cell-tracker-gnn-v02-ubu2004/logs/runs/2025-10-09/12-52-06/checkpoints/last.ckpt
[2025-10-09 12:54:21,044][fsspec.local][DEBUG] - open file: C:/Users/jzhao16/Documents/GitHub/99-cell-tracker-gnn-test/99-cell-tracker-gnn-v02-ubu2004/logs/runs/2025-10-09/12-52-06/csv/version_0/hparams.yaml
[2025-10-09 12:54:23,021][fsspec.local][DEBUG] - open file: C:/Users/jzhao16/Documents/GitHub/99-cell-tracker-gnn-test/99-cell-tracker-gnn-v02-ubu2004/logs/runs/2025-10-09/12-52-06/csv/version_0/hparams.yaml
[2025-10-09 12:54:23,095][fsspec.local][DEBUG] - open file: C:/Users/jzhao16/Documents/GitHub/99-cell-tracker-gnn-test/99-cell-tracker-gnn-v02-ubu2004/logs/runs/2025-10-09/12-52-06/checkpoints/last.ckpt
[2025-10-09 12:54:23,108][fsspec.local][DEBUG] - open file: C:/Users/jzhao16/Documents/GitHub/99-cell-tracker-gnn-test/99-cell-tracker-gnn-v02-ubu2004/logs/runs/2025-10-09/12-52-06/csv/version_0/hparams.yaml
[2025-10-09 12:54:25,112][fsspec.local][DEBUG] - open file: C:/Users/jzhao16/Documents/GitHub/99-cell-tracker-gnn-test/99-cell-tracker-gnn-v02-ubu2004/logs/runs/2025-10-09/12-52-06/csv/version_0/hparams.yaml
[2025-10-09 12:54:25,189][fsspec.local][DEBUG] - open file: C:/Users/jzhao16/Documents/GitHub/99-cell-tracker-gnn-test/99-cell-tracker-gnn-v02-ubu2004/logs/runs/2025-10-09/12-52-06/checkpoints/last.ckpt
[2025-10-09 12:54:25,203][fsspec.local][DEBUG] - open file: C:/Users/jzhao16/Documents/GitHub/99-cell-tracker-gnn-test/99-cell-tracker-gnn-v02-ubu2004/logs/runs/2025-10-09/12-52-06/csv/version_0/hparams.yaml
[2025-10-09 12:54:25,429][fsspec.local][DEBUG] - open file: C:/Users/jzhao16/Documents/GitHub/99-cell-tracker-gnn-test/99-cell-tracker-gnn-v02-ubu2004/logs/runs/2025-10-09/12-52-06/csv/version_0/hparams.yaml
[2025-10-09 12:54:27,469][fsspec.local][DEBUG] - open file: C:/Users/jzhao16/Documents/GitHub/99-cell-tracker-gnn-test/99-cell-tracker-gnn-v02-ubu2004/logs/runs/2025-10-09/12-52-06/csv/version_0/hparams.yaml
[2025-10-09 12:54:27,547][fsspec.local][DEBUG] - open file: C:/Users/jzhao16/Documents/GitHub/99-cell-tracker-gnn-test/99-cell-tracker-gnn-v02-ubu2004/logs/runs/2025-10-09/12-52-06/checkpoints/last.ckpt
[2025-10-09 12:54:27,560][fsspec.local][DEBUG] - open file: C:/Users/jzhao16/Documents/GitHub/99-cell-tracker-gnn-test/99-cell-tracker-gnn-v02-ubu2004/logs/runs/2025-10-09/12-52-06/csv/version_0/hparams.yaml
[2025-10-09 12:54:29,693][fsspec.local][DEBUG] - open file: C:/Users/jzhao16/Documents/GitHub/99-cell-tracker-gnn-test/99-cell-tracker-gnn-v02-ubu2004/logs/runs/2025-10-09/12-52-06/csv/version_0/hparams.yaml
[2025-10-09 12:54:29,786][fsspec.local][DEBUG] - open file: C:/Users/jzhao16/Documents/GitHub/99-cell-tracker-gnn-test/99-cell-tracker-gnn-v02-ubu2004/logs/runs/2025-10-09/12-52-06/checkpoints/last.ckpt
[2025-10-09 12:54:29,803][fsspec.local][DEBUG] - open file: C:/Users/jzhao16/Documents/GitHub/99-cell-tracker-gnn-test/99-cell-tracker-gnn-v02-ubu2004/logs/runs/2025-10-09/12-52-06/csv/version_0/hparams.yaml
[2025-10-09 12:54:31,883][fsspec.local][DEBUG] - open file: C:/Users/jzhao16/Documents/GitHub/99-cell-tracker-gnn-test/99-cell-tracker-gnn-v02-ubu2004/logs/runs/2025-10-09/12-52-06/csv/version_0/hparams.yaml
[2025-10-09 12:54:31,962][fsspec.local][DEBUG] - open file: C:/Users/jzhao16/Documents/GitHub/99-cell-tracker-gnn-test/99-cell-tracker-gnn-v02-ubu2004/logs/runs/2025-10-09/12-52-06/checkpoints/last.ckpt
[2025-10-09 12:54:31,975][fsspec.local][DEBUG] - open file: C:/Users/jzhao16/Documents/GitHub/99-cell-tracker-gnn-test/99-cell-tracker-gnn-v02-ubu2004/logs/runs/2025-10-09/12-52-06/csv/version_0/hparams.yaml
[2025-10-09 12:54:34,359][fsspec.local][DEBUG] - open file: C:/Users/jzhao16/Documents/GitHub/99-cell-tracker-gnn-test/99-cell-tracker-gnn-v02-ubu2004/logs/runs/2025-10-09/12-52-06/csv/version_0/hparams.yaml
[2025-10-09 12:54:34,439][fsspec.local][DEBUG] - open file: C:/Users/jzhao16/Documents/GitHub/99-cell-tracker-gnn-test/99-cell-tracker-gnn-v02-ubu2004/logs/runs/2025-10-09/12-52-06/checkpoints/last.ckpt
[2025-10-09 12:54:34,452][fsspec.local][DEBUG] - open file: C:/Users/jzhao16/Documents/GitHub/99-cell-tracker-gnn-test/99-cell-tracker-gnn-v02-ubu2004/logs/runs/2025-10-09/12-52-06/csv/version_0/hparams.yaml
[2025-10-09 12:54:35,725][fsspec.local][DEBUG] - open file: C:/Users/jzhao16/Documents/GitHub/99-cell-tracker-gnn-test/99-cell-tracker-gnn-v02-ubu2004/logs/runs/2025-10-09/12-52-06/csv/version_0/hparams.yaml
[2025-10-09 12:54:36,497][fsspec.local][DEBUG] - open file: C:/Users/jzhao16/Documents/GitHub/99-cell-tracker-gnn-test/99-cell-tracker-gnn-v02-ubu2004/logs/runs/2025-10-09/12-52-06/csv/version_0/hparams.yaml
[2025-10-09 12:54:36,573][fsspec.local][DEBUG] - open file: C:/Users/jzhao16/Documents/GitHub/99-cell-tracker-gnn-test/99-cell-tracker-gnn-v02-ubu2004/logs/runs/2025-10-09/12-52-06/checkpoints/last.ckpt
[2025-10-09 12:54:36,586][fsspec.local][DEBUG] - open file: C:/Users/jzhao16/Documents/GitHub/99-cell-tracker-gnn-test/99-cell-tracker-gnn-v02-ubu2004/logs/runs/2025-10-09/12-52-06/csv/version_0/hparams.yaml
[2025-10-09 12:54:38,610][fsspec.local][DEBUG] - open file: C:/Users/jzhao16/Documents/GitHub/99-cell-tracker-gnn-test/99-cell-tracker-gnn-v02-ubu2004/logs/runs/2025-10-09/12-52-06/csv/version_0/hparams.yaml
[2025-10-09 12:54:38,687][fsspec.local][DEBUG] - open file: C:/Users/jzhao16/Documents/GitHub/99-cell-tracker-gnn-test/99-cell-tracker-gnn-v02-ubu2004/logs/runs/2025-10-09/12-52-06/checkpoints/last.ckpt
[2025-10-09 12:54:38,700][fsspec.local][DEBUG] - open file: C:/Users/jzhao16/Documents/GitHub/99-cell-tracker-gnn-test/99-cell-tracker-gnn-v02-ubu2004/logs/runs/2025-10-09/12-52-06/csv/version_0/hparams.yaml
[2025-10-09 12:54:40,716][fsspec.local][DEBUG] - open file: C:/Users/jzhao16/Documents/GitHub/99-cell-tracker-gnn-test/99-cell-tracker-gnn-v02-ubu2004/logs/runs/2025-10-09/12-52-06/csv/version_0/hparams.yaml
[2025-10-09 12:54:40,790][fsspec.local][DEBUG] - open file: C:/Users/jzhao16/Documents/GitHub/99-cell-tracker-gnn-test/99-cell-tracker-gnn-v02-ubu2004/logs/runs/2025-10-09/12-52-06/checkpoints/last.ckpt
[2025-10-09 12:54:40,804][fsspec.local][DEBUG] - open file: C:/Users/jzhao16/Documents/GitHub/99-cell-tracker-gnn-test/99-cell-tracker-gnn-v02-ubu2004/logs/runs/2025-10-09/12-52-06/csv/version_0/hparams.yaml
[2025-10-09 12:54:42,787][fsspec.local][DEBUG] - open file: C:/Users/jzhao16/Documents/GitHub/99-cell-tracker-gnn-test/99-cell-tracker-gnn-v02-ubu2004/logs/runs/2025-10-09/12-52-06/csv/version_0/hparams.yaml
[2025-10-09 12:54:42,865][fsspec.local][DEBUG] - open file: C:/Users/jzhao16/Documents/GitHub/99-cell-tracker-gnn-test/99-cell-tracker-gnn-v02-ubu2004/logs/runs/2025-10-09/12-52-06/checkpoints/last.ckpt
[2025-10-09 12:54:42,878][fsspec.local][DEBUG] - open file: C:/Users/jzhao16/Documents/GitHub/99-cell-tracker-gnn-test/99-cell-tracker-gnn-v02-ubu2004/logs/runs/2025-10-09/12-52-06/csv/version_0/hparams.yaml
[2025-10-09 12:54:44,949][fsspec.local][DEBUG] - open file: C:/Users/jzhao16/Documents/GitHub/99-cell-tracker-gnn-test/99-cell-tracker-gnn-v02-ubu2004/logs/runs/2025-10-09/12-52-06/csv/version_0/hparams.yaml
[2025-10-09 12:54:45,025][fsspec.local][DEBUG] - open file: C:/Users/jzhao16/Documents/GitHub/99-cell-tracker-gnn-test/99-cell-tracker-gnn-v02-ubu2004/logs/runs/2025-10-09/12-52-06/checkpoints/last.ckpt
[2025-10-09 12:54:45,217][fsspec.local][DEBUG] - open file: C:/Users/jzhao16/Documents/GitHub/99-cell-tracker-gnn-test/99-cell-tracker-gnn-v02-ubu2004/logs/runs/2025-10-09/12-52-06/csv/version_0/hparams.yaml
[2025-10-09 12:54:45,628][fsspec.local][DEBUG] - open file: C:/Users/jzhao16/Documents/GitHub/99-cell-tracker-gnn-test/99-cell-tracker-gnn-v02-ubu2004/logs/runs/2025-10-09/12-52-06/csv/version_0/hparams.yaml
[2025-10-09 12:54:47,350][fsspec.local][DEBUG] - open file: C:/Users/jzhao16/Documents/GitHub/99-cell-tracker-gnn-test/99-cell-tracker-gnn-v02-ubu2004/logs/runs/2025-10-09/12-52-06/csv/version_0/hparams.yaml
[2025-10-09 12:54:47,430][fsspec.local][DEBUG] - open file: C:/Users/jzhao16/Documents/GitHub/99-cell-tracker-gnn-test/99-cell-tracker-gnn-v02-ubu2004/logs/runs/2025-10-09/12-52-06/checkpoints/last.ckpt
[2025-10-09 12:54:47,443][fsspec.local][DEBUG] - open file: C:/Users/jzhao16/Documents/GitHub/99-cell-tracker-gnn-test/99-cell-tracker-gnn-v02-ubu2004/logs/runs/2025-10-09/12-52-06/csv/version_0/hparams.yaml
[2025-10-09 12:54:49,894][fsspec.local][DEBUG] - open file: C:/Users/jzhao16/Documents/GitHub/99-cell-tracker-gnn-test/99-cell-tracker-gnn-v02-ubu2004/logs/runs/2025-10-09/12-52-06/csv/version_0/hparams.yaml
[2025-10-09 12:54:49,972][fsspec.local][DEBUG] - open file: C:/Users/jzhao16/Documents/GitHub/99-cell-tracker-gnn-test/99-cell-tracker-gnn-v02-ubu2004/logs/runs/2025-10-09/12-52-06/checkpoints/last.ckpt
[2025-10-09 12:54:49,985][fsspec.local][DEBUG] - open file: C:/Users/jzhao16/Documents/GitHub/99-cell-tracker-gnn-test/99-cell-tracker-gnn-v02-ubu2004/logs/runs/2025-10-09/12-52-06/csv/version_0/hparams.yaml
[2025-10-09 12:54:52,141][fsspec.local][DEBUG] - open file: C:/Users/jzhao16/Documents/GitHub/99-cell-tracker-gnn-test/99-cell-tracker-gnn-v02-ubu2004/logs/runs/2025-10-09/12-52-06/csv/version_0/hparams.yaml
[2025-10-09 12:54:52,220][fsspec.local][DEBUG] - open file: C:/Users/jzhao16/Documents/GitHub/99-cell-tracker-gnn-test/99-cell-tracker-gnn-v02-ubu2004/logs/runs/2025-10-09/12-52-06/checkpoints/last.ckpt
[2025-10-09 12:54:52,234][fsspec.local][DEBUG] - open file: C:/Users/jzhao16/Documents/GitHub/99-cell-tracker-gnn-test/99-cell-tracker-gnn-v02-ubu2004/logs/runs/2025-10-09/12-52-06/csv/version_0/hparams.yaml
[2025-10-09 12:54:54,455][fsspec.local][DEBUG] - open file: C:/Users/jzhao16/Documents/GitHub/99-cell-tracker-gnn-test/99-cell-tracker-gnn-v02-ubu2004/logs/runs/2025-10-09/12-52-06/csv/version_0/hparams.yaml
[2025-10-09 12:54:54,535][fsspec.local][DEBUG] - open file: C:/Users/jzhao16/Documents/GitHub/99-cell-tracker-gnn-test/99-cell-tracker-gnn-v02-ubu2004/logs/runs/2025-10-09/12-52-06/checkpoints/last.ckpt
[2025-10-09 12:54:54,548][fsspec.local][DEBUG] - open file: C:/Users/jzhao16/Documents/GitHub/99-cell-tracker-gnn-test/99-cell-tracker-gnn-v02-ubu2004/logs/runs/2025-10-09/12-52-06/csv/version_0/hparams.yaml
[2025-10-09 12:54:55,957][fsspec.local][DEBUG] - open file: C:/Users/jzhao16/Documents/GitHub/99-cell-tracker-gnn-test/99-cell-tracker-gnn-v02-ubu2004/logs/runs/2025-10-09/12-52-06/csv/version_0/hparams.yaml
[2025-10-09 12:54:56,550][fsspec.local][DEBUG] - open file: C:/Users/jzhao16/Documents/GitHub/99-cell-tracker-gnn-test/99-cell-tracker-gnn-v02-ubu2004/logs/runs/2025-10-09/12-52-06/csv/version_0/hparams.yaml
[2025-10-09 12:54:56,628][fsspec.local][DEBUG] - open file: C:/Users/jzhao16/Documents/GitHub/99-cell-tracker-gnn-test/99-cell-tracker-gnn-v02-ubu2004/logs/runs/2025-10-09/12-52-06/checkpoints/last.ckpt
[2025-10-09 12:54:56,641][fsspec.local][DEBUG] - open file: C:/Users/jzhao16/Documents/GitHub/99-cell-tracker-gnn-test/99-cell-tracker-gnn-v02-ubu2004/logs/runs/2025-10-09/12-52-06/csv/version_0/hparams.yaml
[2025-10-09 12:54:58,617][fsspec.local][DEBUG] - open file: C:/Users/jzhao16/Documents/GitHub/99-cell-tracker-gnn-test/99-cell-tracker-gnn-v02-ubu2004/logs/runs/2025-10-09/12-52-06/csv/version_0/hparams.yaml
[2025-10-09 12:54:58,695][fsspec.local][DEBUG] - open file: C:/Users/jzhao16/Documents/GitHub/99-cell-tracker-gnn-test/99-cell-tracker-gnn-v02-ubu2004/logs/runs/2025-10-09/12-52-06/checkpoints/last.ckpt
[2025-10-09 12:54:58,710][fsspec.local][DEBUG] - open file: C:/Users/jzhao16/Documents/GitHub/99-cell-tracker-gnn-test/99-cell-tracker-gnn-v02-ubu2004/logs/runs/2025-10-09/12-52-06/csv/version_0/hparams.yaml
[2025-10-09 12:55:00,698][fsspec.local][DEBUG] - open file: C:/Users/jzhao16/Documents/GitHub/99-cell-tracker-gnn-test/99-cell-tracker-gnn-v02-ubu2004/logs/runs/2025-10-09/12-52-06/csv/version_0/hparams.yaml
[2025-10-09 12:55:00,776][fsspec.local][DEBUG] - open file: C:/Users/jzhao16/Documents/GitHub/99-cell-tracker-gnn-test/99-cell-tracker-gnn-v02-ubu2004/logs/runs/2025-10-09/12-52-06/checkpoints/last.ckpt
[2025-10-09 12:55:00,789][fsspec.local][DEBUG] - open file: C:/Users/jzhao16/Documents/GitHub/99-cell-tracker-gnn-test/99-cell-tracker-gnn-v02-ubu2004/logs/runs/2025-10-09/12-52-06/csv/version_0/hparams.yaml
[2025-10-09 12:55:02,807][fsspec.local][DEBUG] - open file: C:/Users/jzhao16/Documents/GitHub/99-cell-tracker-gnn-test/99-cell-tracker-gnn-v02-ubu2004/logs/runs/2025-10-09/12-52-06/csv/version_0/hparams.yaml
[2025-10-09 12:55:02,887][fsspec.local][DEBUG] - open file: C:/Users/jzhao16/Documents/GitHub/99-cell-tracker-gnn-test/99-cell-tracker-gnn-v02-ubu2004/logs/runs/2025-10-09/12-52-06/checkpoints/last.ckpt
[2025-10-09 12:55:02,902][fsspec.local][DEBUG] - open file: C:/Users/jzhao16/Documents/GitHub/99-cell-tracker-gnn-test/99-cell-tracker-gnn-v02-ubu2004/logs/runs/2025-10-09/12-52-06/csv/version_0/hparams.yaml
[2025-10-09 12:55:05,198][fsspec.local][DEBUG] - open file: C:/Users/jzhao16/Documents/GitHub/99-cell-tracker-gnn-test/99-cell-tracker-gnn-v02-ubu2004/logs/runs/2025-10-09/12-52-06/csv/version_0/hparams.yaml
[2025-10-09 12:55:05,278][fsspec.local][DEBUG] - open file: C:/Users/jzhao16/Documents/GitHub/99-cell-tracker-gnn-test/99-cell-tracker-gnn-v02-ubu2004/logs/runs/2025-10-09/12-52-06/checkpoints/last.ckpt
[2025-10-09 12:55:05,291][fsspec.local][DEBUG] - open file: C:/Users/jzhao16/Documents/GitHub/99-cell-tracker-gnn-test/99-cell-tracker-gnn-v02-ubu2004/logs/runs/2025-10-09/12-52-06/csv/version_0/hparams.yaml
[2025-10-09 12:55:05,947][fsspec.local][DEBUG] - open file: C:/Users/jzhao16/Documents/GitHub/99-cell-tracker-gnn-test/99-cell-tracker-gnn-v02-ubu2004/logs/runs/2025-10-09/12-52-06/csv/version_0/hparams.yaml
[2025-10-09 12:55:07,366][fsspec.local][DEBUG] - open file: C:/Users/jzhao16/Documents/GitHub/99-cell-tracker-gnn-test/99-cell-tracker-gnn-v02-ubu2004/logs/runs/2025-10-09/12-52-06/csv/version_0/hparams.yaml
[2025-10-09 12:55:07,444][fsspec.local][DEBUG] - open file: C:/Users/jzhao16/Documents/GitHub/99-cell-tracker-gnn-test/99-cell-tracker-gnn-v02-ubu2004/logs/runs/2025-10-09/12-52-06/checkpoints/last.ckpt
[2025-10-09 12:55:07,456][fsspec.local][DEBUG] - open file: C:/Users/jzhao16/Documents/GitHub/99-cell-tracker-gnn-test/99-cell-tracker-gnn-v02-ubu2004/logs/runs/2025-10-09/12-52-06/csv/version_0/hparams.yaml
[2025-10-09 12:55:09,449][fsspec.local][DEBUG] - open file: C:/Users/jzhao16/Documents/GitHub/99-cell-tracker-gnn-test/99-cell-tracker-gnn-v02-ubu2004/logs/runs/2025-10-09/12-52-06/csv/version_0/hparams.yaml
[2025-10-09 12:55:09,527][fsspec.local][DEBUG] - open file: C:/Users/jzhao16/Documents/GitHub/99-cell-tracker-gnn-test/99-cell-tracker-gnn-v02-ubu2004/logs/runs/2025-10-09/12-52-06/checkpoints/last.ckpt
[2025-10-09 12:55:09,542][fsspec.local][DEBUG] - open file: C:/Users/jzhao16/Documents/GitHub/99-cell-tracker-gnn-test/99-cell-tracker-gnn-v02-ubu2004/logs/runs/2025-10-09/12-52-06/csv/version_0/hparams.yaml
[2025-10-09 12:55:11,609][fsspec.local][DEBUG] - open file: C:/Users/jzhao16/Documents/GitHub/99-cell-tracker-gnn-test/99-cell-tracker-gnn-v02-ubu2004/logs/runs/2025-10-09/12-52-06/csv/version_0/hparams.yaml
[2025-10-09 12:55:11,689][fsspec.local][DEBUG] - open file: C:/Users/jzhao16/Documents/GitHub/99-cell-tracker-gnn-test/99-cell-tracker-gnn-v02-ubu2004/logs/runs/2025-10-09/12-52-06/checkpoints/last.ckpt
[2025-10-09 12:55:11,704][fsspec.local][DEBUG] - open file: C:/Users/jzhao16/Documents/GitHub/99-cell-tracker-gnn-test/99-cell-tracker-gnn-v02-ubu2004/logs/runs/2025-10-09/12-52-06/csv/version_0/hparams.yaml
[2025-10-09 12:55:13,700][fsspec.local][DEBUG] - open file: C:/Users/jzhao16/Documents/GitHub/99-cell-tracker-gnn-test/99-cell-tracker-gnn-v02-ubu2004/logs/runs/2025-10-09/12-52-06/csv/version_0/hparams.yaml
[2025-10-09 12:55:13,779][fsspec.local][DEBUG] - open file: C:/Users/jzhao16/Documents/GitHub/99-cell-tracker-gnn-test/99-cell-tracker-gnn-v02-ubu2004/logs/runs/2025-10-09/12-52-06/checkpoints/last.ckpt
[2025-10-09 12:55:13,794][fsspec.local][DEBUG] - open file: C:/Users/jzhao16/Documents/GitHub/99-cell-tracker-gnn-test/99-cell-tracker-gnn-v02-ubu2004/logs/runs/2025-10-09/12-52-06/csv/version_0/hparams.yaml
[2025-10-09 12:55:15,393][fsspec.local][DEBUG] - open file: C:/Users/jzhao16/Documents/GitHub/99-cell-tracker-gnn-test/99-cell-tracker-gnn-v02-ubu2004/logs/runs/2025-10-09/12-52-06/csv/version_0/hparams.yaml
[2025-10-09 12:55:15,831][fsspec.local][DEBUG] - open file: C:/Users/jzhao16/Documents/GitHub/99-cell-tracker-gnn-test/99-cell-tracker-gnn-v02-ubu2004/logs/runs/2025-10-09/12-52-06/csv/version_0/hparams.yaml
[2025-10-09 12:55:15,917][fsspec.local][DEBUG] - open file: C:/Users/jzhao16/Documents/GitHub/99-cell-tracker-gnn-test/99-cell-tracker-gnn-v02-ubu2004/logs/runs/2025-10-09/12-52-06/checkpoints/last.ckpt
[2025-10-09 12:55:15,930][fsspec.local][DEBUG] - open file: C:/Users/jzhao16/Documents/GitHub/99-cell-tracker-gnn-test/99-cell-tracker-gnn-v02-ubu2004/logs/runs/2025-10-09/12-52-06/csv/version_0/hparams.yaml
[2025-10-09 12:55:18,272][fsspec.local][DEBUG] - open file: C:/Users/jzhao16/Documents/GitHub/99-cell-tracker-gnn-test/99-cell-tracker-gnn-v02-ubu2004/logs/runs/2025-10-09/12-52-06/csv/version_0/hparams.yaml
[2025-10-09 12:55:18,382][fsspec.local][DEBUG] - open file: C:/Users/jzhao16/Documents/GitHub/99-cell-tracker-gnn-test/99-cell-tracker-gnn-v02-ubu2004/logs/runs/2025-10-09/12-52-06/checkpoints/epoch=82.ckpt
[2025-10-09 12:55:18,433][fsspec.local][DEBUG] - open file: C:/Users/jzhao16/Documents/GitHub/99-cell-tracker-gnn-test/99-cell-tracker-gnn-v02-ubu2004/logs/runs/2025-10-09/12-52-06/checkpoints/last.ckpt
[2025-10-09 12:55:18,451][fsspec.local][DEBUG] - open file: C:/Users/jzhao16/Documents/GitHub/99-cell-tracker-gnn-test/99-cell-tracker-gnn-v02-ubu2004/logs/runs/2025-10-09/12-52-06/csv/version_0/hparams.yaml
[2025-10-09 12:55:20,536][fsspec.local][DEBUG] - open file: C:/Users/jzhao16/Documents/GitHub/99-cell-tracker-gnn-test/99-cell-tracker-gnn-v02-ubu2004/logs/runs/2025-10-09/12-52-06/csv/version_0/hparams.yaml
[2025-10-09 12:55:20,615][fsspec.local][DEBUG] - open file: C:/Users/jzhao16/Documents/GitHub/99-cell-tracker-gnn-test/99-cell-tracker-gnn-v02-ubu2004/logs/runs/2025-10-09/12-52-06/checkpoints/last.ckpt
[2025-10-09 12:55:20,627][fsspec.local][DEBUG] - open file: C:/Users/jzhao16/Documents/GitHub/99-cell-tracker-gnn-test/99-cell-tracker-gnn-v02-ubu2004/logs/runs/2025-10-09/12-52-06/csv/version_0/hparams.yaml
[2025-10-09 12:55:22,624][fsspec.local][DEBUG] - open file: C:/Users/jzhao16/Documents/GitHub/99-cell-tracker-gnn-test/99-cell-tracker-gnn-v02-ubu2004/logs/runs/2025-10-09/12-52-06/csv/version_0/hparams.yaml
[2025-10-09 12:55:22,703][fsspec.local][DEBUG] - open file: C:/Users/jzhao16/Documents/GitHub/99-cell-tracker-gnn-test/99-cell-tracker-gnn-v02-ubu2004/logs/runs/2025-10-09/12-52-06/checkpoints/last.ckpt
[2025-10-09 12:55:22,717][fsspec.local][DEBUG] - open file: C:/Users/jzhao16/Documents/GitHub/99-cell-tracker-gnn-test/99-cell-tracker-gnn-v02-ubu2004/logs/runs/2025-10-09/12-52-06/csv/version_0/hparams.yaml
[2025-10-09 12:55:24,708][fsspec.local][DEBUG] - open file: C:/Users/jzhao16/Documents/GitHub/99-cell-tracker-gnn-test/99-cell-tracker-gnn-v02-ubu2004/logs/runs/2025-10-09/12-52-06/csv/version_0/hparams.yaml
[2025-10-09 12:55:24,792][fsspec.local][DEBUG] - open file: C:/Users/jzhao16/Documents/GitHub/99-cell-tracker-gnn-test/99-cell-tracker-gnn-v02-ubu2004/logs/runs/2025-10-09/12-52-06/checkpoints/last.ckpt
[2025-10-09 12:55:24,806][fsspec.local][DEBUG] - open file: C:/Users/jzhao16/Documents/GitHub/99-cell-tracker-gnn-test/99-cell-tracker-gnn-v02-ubu2004/logs/runs/2025-10-09/12-52-06/csv/version_0/hparams.yaml
[2025-10-09 12:55:25,583][fsspec.local][DEBUG] - open file: C:/Users/jzhao16/Documents/GitHub/99-cell-tracker-gnn-test/99-cell-tracker-gnn-v02-ubu2004/logs/runs/2025-10-09/12-52-06/csv/version_0/hparams.yaml
[2025-10-09 12:55:26,969][fsspec.local][DEBUG] - open file: C:/Users/jzhao16/Documents/GitHub/99-cell-tracker-gnn-test/99-cell-tracker-gnn-v02-ubu2004/logs/runs/2025-10-09/12-52-06/csv/version_0/hparams.yaml
[2025-10-09 12:55:27,050][fsspec.local][DEBUG] - open file: C:/Users/jzhao16/Documents/GitHub/99-cell-tracker-gnn-test/99-cell-tracker-gnn-v02-ubu2004/logs/runs/2025-10-09/12-52-06/checkpoints/last.ckpt
[2025-10-09 12:55:27,064][fsspec.local][DEBUG] - open file: C:/Users/jzhao16/Documents/GitHub/99-cell-tracker-gnn-test/99-cell-tracker-gnn-v02-ubu2004/logs/runs/2025-10-09/12-52-06/csv/version_0/hparams.yaml
[2025-10-09 12:55:29,041][fsspec.local][DEBUG] - open file: C:/Users/jzhao16/Documents/GitHub/99-cell-tracker-gnn-test/99-cell-tracker-gnn-v02-ubu2004/logs/runs/2025-10-09/12-52-06/csv/version_0/hparams.yaml
[2025-10-09 12:55:29,119][fsspec.local][DEBUG] - open file: C:/Users/jzhao16/Documents/GitHub/99-cell-tracker-gnn-test/99-cell-tracker-gnn-v02-ubu2004/logs/runs/2025-10-09/12-52-06/checkpoints/last.ckpt
[2025-10-09 12:55:29,132][fsspec.local][DEBUG] - open file: C:/Users/jzhao16/Documents/GitHub/99-cell-tracker-gnn-test/99-cell-tracker-gnn-v02-ubu2004/logs/runs/2025-10-09/12-52-06/csv/version_0/hparams.yaml
[2025-10-09 12:55:31,164][fsspec.local][DEBUG] - open file: C:/Users/jzhao16/Documents/GitHub/99-cell-tracker-gnn-test/99-cell-tracker-gnn-v02-ubu2004/logs/runs/2025-10-09/12-52-06/csv/version_0/hparams.yaml
[2025-10-09 12:55:31,244][fsspec.local][DEBUG] - open file: C:/Users/jzhao16/Documents/GitHub/99-cell-tracker-gnn-test/99-cell-tracker-gnn-v02-ubu2004/logs/runs/2025-10-09/12-52-06/checkpoints/last.ckpt
[2025-10-09 12:55:31,260][fsspec.local][DEBUG] - open file: C:/Users/jzhao16/Documents/GitHub/99-cell-tracker-gnn-test/99-cell-tracker-gnn-v02-ubu2004/logs/runs/2025-10-09/12-52-06/csv/version_0/hparams.yaml
[2025-10-09 12:55:33,584][fsspec.local][DEBUG] - open file: C:/Users/jzhao16/Documents/GitHub/99-cell-tracker-gnn-test/99-cell-tracker-gnn-v02-ubu2004/logs/runs/2025-10-09/12-52-06/csv/version_0/hparams.yaml
[2025-10-09 12:55:33,768][fsspec.local][DEBUG] - open file: C:/Users/jzhao16/Documents/GitHub/99-cell-tracker-gnn-test/99-cell-tracker-gnn-v02-ubu2004/logs/runs/2025-10-09/12-52-06/checkpoints/last.ckpt
[2025-10-09 12:55:33,791][fsspec.local][DEBUG] - open file: C:/Users/jzhao16/Documents/GitHub/99-cell-tracker-gnn-test/99-cell-tracker-gnn-v02-ubu2004/logs/runs/2025-10-09/12-52-06/csv/version_0/hparams.yaml
[2025-10-09 12:55:35,917][fsspec.local][DEBUG] - open file: C:/Users/jzhao16/Documents/GitHub/99-cell-tracker-gnn-test/99-cell-tracker-gnn-v02-ubu2004/logs/runs/2025-10-09/12-52-06/csv/version_0/hparams.yaml
[2025-10-09 12:55:36,241][fsspec.local][DEBUG] - open file: C:/Users/jzhao16/Documents/GitHub/99-cell-tracker-gnn-test/99-cell-tracker-gnn-v02-ubu2004/logs/runs/2025-10-09/12-52-06/csv/version_0/hparams.yaml
[2025-10-09 12:55:36,325][fsspec.local][DEBUG] - open file: C:/Users/jzhao16/Documents/GitHub/99-cell-tracker-gnn-test/99-cell-tracker-gnn-v02-ubu2004/logs/runs/2025-10-09/12-52-06/checkpoints/last.ckpt
[2025-10-09 12:55:36,338][fsspec.local][DEBUG] - open file: C:/Users/jzhao16/Documents/GitHub/99-cell-tracker-gnn-test/99-cell-tracker-gnn-v02-ubu2004/logs/runs/2025-10-09/12-52-06/csv/version_0/hparams.yaml
[2025-10-09 12:55:38,386][fsspec.local][DEBUG] - open file: C:/Users/jzhao16/Documents/GitHub/99-cell-tracker-gnn-test/99-cell-tracker-gnn-v02-ubu2004/logs/runs/2025-10-09/12-52-06/csv/version_0/hparams.yaml
[2025-10-09 12:55:38,468][fsspec.local][DEBUG] - open file: C:/Users/jzhao16/Documents/GitHub/99-cell-tracker-gnn-test/99-cell-tracker-gnn-v02-ubu2004/logs/runs/2025-10-09/12-52-06/checkpoints/last.ckpt
[2025-10-09 12:55:38,486][fsspec.local][DEBUG] - open file: C:/Users/jzhao16/Documents/GitHub/99-cell-tracker-gnn-test/99-cell-tracker-gnn-v02-ubu2004/logs/runs/2025-10-09/12-52-06/csv/version_0/hparams.yaml
[2025-10-09 12:55:40,639][fsspec.local][DEBUG] - open file: C:/Users/jzhao16/Documents/GitHub/99-cell-tracker-gnn-test/99-cell-tracker-gnn-v02-ubu2004/logs/runs/2025-10-09/12-52-06/csv/version_0/hparams.yaml
[2025-10-09 12:55:40,728][fsspec.local][DEBUG] - open file: C:/Users/jzhao16/Documents/GitHub/99-cell-tracker-gnn-test/99-cell-tracker-gnn-v02-ubu2004/logs/runs/2025-10-09/12-52-06/checkpoints/last.ckpt
[2025-10-09 12:55:40,746][fsspec.local][DEBUG] - open file: C:/Users/jzhao16/Documents/GitHub/99-cell-tracker-gnn-test/99-cell-tracker-gnn-v02-ubu2004/logs/runs/2025-10-09/12-52-06/csv/version_0/hparams.yaml
[2025-10-09 12:55:43,064][fsspec.local][DEBUG] - open file: C:/Users/jzhao16/Documents/GitHub/99-cell-tracker-gnn-test/99-cell-tracker-gnn-v02-ubu2004/logs/runs/2025-10-09/12-52-06/csv/version_0/hparams.yaml
[2025-10-09 12:55:43,148][fsspec.local][DEBUG] - open file: C:/Users/jzhao16/Documents/GitHub/99-cell-tracker-gnn-test/99-cell-tracker-gnn-v02-ubu2004/logs/runs/2025-10-09/12-52-06/checkpoints/last.ckpt
[2025-10-09 12:55:43,162][fsspec.local][DEBUG] - open file: C:/Users/jzhao16/Documents/GitHub/99-cell-tracker-gnn-test/99-cell-tracker-gnn-v02-ubu2004/logs/runs/2025-10-09/12-52-06/csv/version_0/hparams.yaml
[2025-10-09 12:55:45,303][fsspec.local][DEBUG] - open file: C:/Users/jzhao16/Documents/GitHub/99-cell-tracker-gnn-test/99-cell-tracker-gnn-v02-ubu2004/logs/runs/2025-10-09/12-52-06/csv/version_0/hparams.yaml
[2025-10-09 12:55:45,391][fsspec.local][DEBUG] - open file: C:/Users/jzhao16/Documents/GitHub/99-cell-tracker-gnn-test/99-cell-tracker-gnn-v02-ubu2004/logs/runs/2025-10-09/12-52-06/checkpoints/last.ckpt
[2025-10-09 12:55:45,404][fsspec.local][DEBUG] - open file: C:/Users/jzhao16/Documents/GitHub/99-cell-tracker-gnn-test/99-cell-tracker-gnn-v02-ubu2004/logs/runs/2025-10-09/12-52-06/csv/version_0/hparams.yaml
[2025-10-09 12:55:46,342][fsspec.local][DEBUG] - open file: C:/Users/jzhao16/Documents/GitHub/99-cell-tracker-gnn-test/99-cell-tracker-gnn-v02-ubu2004/logs/runs/2025-10-09/12-52-06/csv/version_0/hparams.yaml
[2025-10-09 12:55:47,444][fsspec.local][DEBUG] - open file: C:/Users/jzhao16/Documents/GitHub/99-cell-tracker-gnn-test/99-cell-tracker-gnn-v02-ubu2004/logs/runs/2025-10-09/12-52-06/csv/version_0/hparams.yaml
[2025-10-09 12:55:47,533][fsspec.local][DEBUG] - open file: C:/Users/jzhao16/Documents/GitHub/99-cell-tracker-gnn-test/99-cell-tracker-gnn-v02-ubu2004/logs/runs/2025-10-09/12-52-06/checkpoints/last.ckpt
[2025-10-09 12:55:47,547][fsspec.local][DEBUG] - open file: C:/Users/jzhao16/Documents/GitHub/99-cell-tracker-gnn-test/99-cell-tracker-gnn-v02-ubu2004/logs/runs/2025-10-09/12-52-06/csv/version_0/hparams.yaml
[2025-10-09 12:55:49,863][fsspec.local][DEBUG] - open file: C:/Users/jzhao16/Documents/GitHub/99-cell-tracker-gnn-test/99-cell-tracker-gnn-v02-ubu2004/logs/runs/2025-10-09/12-52-06/csv/version_0/hparams.yaml
[2025-10-09 12:55:49,945][fsspec.local][DEBUG] - open file: C:/Users/jzhao16/Documents/GitHub/99-cell-tracker-gnn-test/99-cell-tracker-gnn-v02-ubu2004/logs/runs/2025-10-09/12-52-06/checkpoints/last.ckpt
[2025-10-09 12:55:49,958][fsspec.local][DEBUG] - open file: C:/Users/jzhao16/Documents/GitHub/99-cell-tracker-gnn-test/99-cell-tracker-gnn-v02-ubu2004/logs/runs/2025-10-09/12-52-06/csv/version_0/hparams.yaml
[2025-10-09 12:55:51,987][fsspec.local][DEBUG] - open file: C:/Users/jzhao16/Documents/GitHub/99-cell-tracker-gnn-test/99-cell-tracker-gnn-v02-ubu2004/logs/runs/2025-10-09/12-52-06/csv/version_0/hparams.yaml
[2025-10-09 12:55:52,069][fsspec.local][DEBUG] - open file: C:/Users/jzhao16/Documents/GitHub/99-cell-tracker-gnn-test/99-cell-tracker-gnn-v02-ubu2004/logs/runs/2025-10-09/12-52-06/checkpoints/last.ckpt
[2025-10-09 12:55:52,083][fsspec.local][DEBUG] - open file: C:/Users/jzhao16/Documents/GitHub/99-cell-tracker-gnn-test/99-cell-tracker-gnn-v02-ubu2004/logs/runs/2025-10-09/12-52-06/csv/version_0/hparams.yaml
[2025-10-09 12:55:54,091][fsspec.local][DEBUG] - open file: C:/Users/jzhao16/Documents/GitHub/99-cell-tracker-gnn-test/99-cell-tracker-gnn-v02-ubu2004/logs/runs/2025-10-09/12-52-06/csv/version_0/hparams.yaml
[2025-10-09 12:55:54,176][fsspec.local][DEBUG] - open file: C:/Users/jzhao16/Documents/GitHub/99-cell-tracker-gnn-test/99-cell-tracker-gnn-v02-ubu2004/logs/runs/2025-10-09/12-52-06/checkpoints/last.ckpt
[2025-10-09 12:55:54,190][fsspec.local][DEBUG] - open file: C:/Users/jzhao16/Documents/GitHub/99-cell-tracker-gnn-test/99-cell-tracker-gnn-v02-ubu2004/logs/runs/2025-10-09/12-52-06/csv/version_0/hparams.yaml
[2025-10-09 12:55:56,246][fsspec.local][DEBUG] - open file: C:/Users/jzhao16/Documents/GitHub/99-cell-tracker-gnn-test/99-cell-tracker-gnn-v02-ubu2004/logs/runs/2025-10-09/12-52-06/csv/version_0/hparams.yaml
[2025-10-09 12:55:56,277][fsspec.local][DEBUG] - open file: C:/Users/jzhao16/Documents/GitHub/99-cell-tracker-gnn-test/99-cell-tracker-gnn-v02-ubu2004/logs/runs/2025-10-09/12-52-06/csv/version_0/hparams.yaml
[2025-10-09 12:55:56,352][fsspec.local][DEBUG] - open file: C:/Users/jzhao16/Documents/GitHub/99-cell-tracker-gnn-test/99-cell-tracker-gnn-v02-ubu2004/logs/runs/2025-10-09/12-52-06/checkpoints/last.ckpt
[2025-10-09 12:55:56,367][fsspec.local][DEBUG] - open file: C:/Users/jzhao16/Documents/GitHub/99-cell-tracker-gnn-test/99-cell-tracker-gnn-v02-ubu2004/logs/runs/2025-10-09/12-52-06/csv/version_0/hparams.yaml
[2025-10-09 12:55:58,374][fsspec.local][DEBUG] - open file: C:/Users/jzhao16/Documents/GitHub/99-cell-tracker-gnn-test/99-cell-tracker-gnn-v02-ubu2004/logs/runs/2025-10-09/12-52-06/csv/version_0/hparams.yaml
[2025-10-09 12:55:58,463][fsspec.local][DEBUG] - open file: C:/Users/jzhao16/Documents/GitHub/99-cell-tracker-gnn-test/99-cell-tracker-gnn-v02-ubu2004/logs/runs/2025-10-09/12-52-06/checkpoints/last.ckpt
[2025-10-09 12:55:58,477][fsspec.local][DEBUG] - open file: C:/Users/jzhao16/Documents/GitHub/99-cell-tracker-gnn-test/99-cell-tracker-gnn-v02-ubu2004/logs/runs/2025-10-09/12-52-06/csv/version_0/hparams.yaml
[2025-10-09 12:56:00,479][fsspec.local][DEBUG] - open file: C:/Users/jzhao16/Documents/GitHub/99-cell-tracker-gnn-test/99-cell-tracker-gnn-v02-ubu2004/logs/runs/2025-10-09/12-52-06/csv/version_0/hparams.yaml
[2025-10-09 12:56:00,568][fsspec.local][DEBUG] - open file: C:/Users/jzhao16/Documents/GitHub/99-cell-tracker-gnn-test/99-cell-tracker-gnn-v02-ubu2004/logs/runs/2025-10-09/12-52-06/checkpoints/last.ckpt
[2025-10-09 12:56:00,581][fsspec.local][DEBUG] - open file: C:/Users/jzhao16/Documents/GitHub/99-cell-tracker-gnn-test/99-cell-tracker-gnn-v02-ubu2004/logs/runs/2025-10-09/12-52-06/csv/version_0/hparams.yaml
[2025-10-09 12:56:02,614][fsspec.local][DEBUG] - open file: C:/Users/jzhao16/Documents/GitHub/99-cell-tracker-gnn-test/99-cell-tracker-gnn-v02-ubu2004/logs/runs/2025-10-09/12-52-06/csv/version_0/hparams.yaml
[2025-10-09 12:56:02,700][fsspec.local][DEBUG] - open file: C:/Users/jzhao16/Documents/GitHub/99-cell-tracker-gnn-test/99-cell-tracker-gnn-v02-ubu2004/logs/runs/2025-10-09/12-52-06/checkpoints/last.ckpt
[2025-10-09 12:56:02,713][fsspec.local][DEBUG] - open file: C:/Users/jzhao16/Documents/GitHub/99-cell-tracker-gnn-test/99-cell-tracker-gnn-v02-ubu2004/logs/runs/2025-10-09/12-52-06/csv/version_0/hparams.yaml
[2025-10-09 12:56:05,009][fsspec.local][DEBUG] - open file: C:/Users/jzhao16/Documents/GitHub/99-cell-tracker-gnn-test/99-cell-tracker-gnn-v02-ubu2004/logs/runs/2025-10-09/12-52-06/csv/version_0/hparams.yaml
[2025-10-09 12:56:05,096][fsspec.local][DEBUG] - open file: C:/Users/jzhao16/Documents/GitHub/99-cell-tracker-gnn-test/99-cell-tracker-gnn-v02-ubu2004/logs/runs/2025-10-09/12-52-06/checkpoints/last.ckpt
[2025-10-09 12:56:05,109][fsspec.local][DEBUG] - open file: C:/Users/jzhao16/Documents/GitHub/99-cell-tracker-gnn-test/99-cell-tracker-gnn-v02-ubu2004/logs/runs/2025-10-09/12-52-06/csv/version_0/hparams.yaml
[2025-10-09 12:56:06,231][fsspec.local][DEBUG] - open file: C:/Users/jzhao16/Documents/GitHub/99-cell-tracker-gnn-test/99-cell-tracker-gnn-v02-ubu2004/logs/runs/2025-10-09/12-52-06/csv/version_0/hparams.yaml
[2025-10-09 12:56:07,186][fsspec.local][DEBUG] - open file: C:/Users/jzhao16/Documents/GitHub/99-cell-tracker-gnn-test/99-cell-tracker-gnn-v02-ubu2004/logs/runs/2025-10-09/12-52-06/csv/version_0/hparams.yaml
[2025-10-09 12:56:07,268][fsspec.local][DEBUG] - open file: C:/Users/jzhao16/Documents/GitHub/99-cell-tracker-gnn-test/99-cell-tracker-gnn-v02-ubu2004/logs/runs/2025-10-09/12-52-06/checkpoints/last.ckpt
[2025-10-09 12:56:07,325][fsspec.local][DEBUG] - open file: C:/Users/jzhao16/Documents/GitHub/99-cell-tracker-gnn-test/99-cell-tracker-gnn-v02-ubu2004/logs/runs/2025-10-09/12-52-06/csv/version_0/hparams.yaml
[2025-10-09 12:56:09,705][fsspec.local][DEBUG] - open file: C:/Users/jzhao16/Documents/GitHub/99-cell-tracker-gnn-test/99-cell-tracker-gnn-v02-ubu2004/logs/runs/2025-10-09/12-52-06/csv/version_0/hparams.yaml
[2025-10-09 12:56:09,790][fsspec.local][DEBUG] - open file: C:/Users/jzhao16/Documents/GitHub/99-cell-tracker-gnn-test/99-cell-tracker-gnn-v02-ubu2004/logs/runs/2025-10-09/12-52-06/checkpoints/epoch=105.ckpt
[2025-10-09 12:56:09,831][fsspec.local][DEBUG] - open file: C:/Users/jzhao16/Documents/GitHub/99-cell-tracker-gnn-test/99-cell-tracker-gnn-v02-ubu2004/logs/runs/2025-10-09/12-52-06/checkpoints/last.ckpt
[2025-10-09 12:56:09,846][fsspec.local][DEBUG] - open file: C:/Users/jzhao16/Documents/GitHub/99-cell-tracker-gnn-test/99-cell-tracker-gnn-v02-ubu2004/logs/runs/2025-10-09/12-52-06/csv/version_0/hparams.yaml
[2025-10-09 12:56:11,845][fsspec.local][DEBUG] - open file: C:/Users/jzhao16/Documents/GitHub/99-cell-tracker-gnn-test/99-cell-tracker-gnn-v02-ubu2004/logs/runs/2025-10-09/12-52-06/csv/version_0/hparams.yaml
[2025-10-09 12:56:11,933][fsspec.local][DEBUG] - open file: C:/Users/jzhao16/Documents/GitHub/99-cell-tracker-gnn-test/99-cell-tracker-gnn-v02-ubu2004/logs/runs/2025-10-09/12-52-06/checkpoints/last.ckpt
[2025-10-09 12:56:11,946][fsspec.local][DEBUG] - open file: C:/Users/jzhao16/Documents/GitHub/99-cell-tracker-gnn-test/99-cell-tracker-gnn-v02-ubu2004/logs/runs/2025-10-09/12-52-06/csv/version_0/hparams.yaml
[2025-10-09 12:56:13,923][fsspec.local][DEBUG] - open file: C:/Users/jzhao16/Documents/GitHub/99-cell-tracker-gnn-test/99-cell-tracker-gnn-v02-ubu2004/logs/runs/2025-10-09/12-52-06/csv/version_0/hparams.yaml
[2025-10-09 12:56:14,011][fsspec.local][DEBUG] - open file: C:/Users/jzhao16/Documents/GitHub/99-cell-tracker-gnn-test/99-cell-tracker-gnn-v02-ubu2004/logs/runs/2025-10-09/12-52-06/checkpoints/last.ckpt
[2025-10-09 12:56:14,026][fsspec.local][DEBUG] - open file: C:/Users/jzhao16/Documents/GitHub/99-cell-tracker-gnn-test/99-cell-tracker-gnn-v02-ubu2004/logs/runs/2025-10-09/12-52-06/csv/version_0/hparams.yaml
[2025-10-09 12:56:16,140][fsspec.local][DEBUG] - open file: C:/Users/jzhao16/Documents/GitHub/99-cell-tracker-gnn-test/99-cell-tracker-gnn-v02-ubu2004/logs/runs/2025-10-09/12-52-06/csv/version_0/hparams.yaml
[2025-10-09 12:56:16,229][fsspec.local][DEBUG] - open file: C:/Users/jzhao16/Documents/GitHub/99-cell-tracker-gnn-test/99-cell-tracker-gnn-v02-ubu2004/logs/runs/2025-10-09/12-52-06/checkpoints/last.ckpt
[2025-10-09 12:56:16,243][fsspec.local][DEBUG] - open file: C:/Users/jzhao16/Documents/GitHub/99-cell-tracker-gnn-test/99-cell-tracker-gnn-v02-ubu2004/logs/runs/2025-10-09/12-52-06/csv/version_0/hparams.yaml
[2025-10-09 12:56:16,464][fsspec.local][DEBUG] - open file: C:/Users/jzhao16/Documents/GitHub/99-cell-tracker-gnn-test/99-cell-tracker-gnn-v02-ubu2004/logs/runs/2025-10-09/12-52-06/csv/version_0/hparams.yaml
[2025-10-09 12:56:18,716][fsspec.local][DEBUG] - open file: C:/Users/jzhao16/Documents/GitHub/99-cell-tracker-gnn-test/99-cell-tracker-gnn-v02-ubu2004/logs/runs/2025-10-09/12-52-06/csv/version_0/hparams.yaml
[2025-10-09 12:56:18,870][fsspec.local][DEBUG] - open file: C:/Users/jzhao16/Documents/GitHub/99-cell-tracker-gnn-test/99-cell-tracker-gnn-v02-ubu2004/logs/runs/2025-10-09/12-52-06/checkpoints/last.ckpt
[2025-10-09 12:56:18,890][fsspec.local][DEBUG] - open file: C:/Users/jzhao16/Documents/GitHub/99-cell-tracker-gnn-test/99-cell-tracker-gnn-v02-ubu2004/logs/runs/2025-10-09/12-52-06/csv/version_0/hparams.yaml
[2025-10-09 12:56:21,257][fsspec.local][DEBUG] - open file: C:/Users/jzhao16/Documents/GitHub/99-cell-tracker-gnn-test/99-cell-tracker-gnn-v02-ubu2004/logs/runs/2025-10-09/12-52-06/csv/version_0/hparams.yaml
[2025-10-09 12:56:21,353][fsspec.local][DEBUG] - open file: C:/Users/jzhao16/Documents/GitHub/99-cell-tracker-gnn-test/99-cell-tracker-gnn-v02-ubu2004/logs/runs/2025-10-09/12-52-06/checkpoints/last.ckpt
[2025-10-09 12:56:21,372][fsspec.local][DEBUG] - open file: C:/Users/jzhao16/Documents/GitHub/99-cell-tracker-gnn-test/99-cell-tracker-gnn-v02-ubu2004/logs/runs/2025-10-09/12-52-06/csv/version_0/hparams.yaml
[2025-10-09 12:56:23,512][fsspec.local][DEBUG] - open file: C:/Users/jzhao16/Documents/GitHub/99-cell-tracker-gnn-test/99-cell-tracker-gnn-v02-ubu2004/logs/runs/2025-10-09/12-52-06/csv/version_0/hparams.yaml
[2025-10-09 12:56:23,604][fsspec.local][DEBUG] - open file: C:/Users/jzhao16/Documents/GitHub/99-cell-tracker-gnn-test/99-cell-tracker-gnn-v02-ubu2004/logs/runs/2025-10-09/12-52-06/checkpoints/last.ckpt
[2025-10-09 12:56:23,617][fsspec.local][DEBUG] - open file: C:/Users/jzhao16/Documents/GitHub/99-cell-tracker-gnn-test/99-cell-tracker-gnn-v02-ubu2004/logs/runs/2025-10-09/12-52-06/csv/version_0/hparams.yaml
[2025-10-09 12:56:25,692][fsspec.local][DEBUG] - open file: C:/Users/jzhao16/Documents/GitHub/99-cell-tracker-gnn-test/99-cell-tracker-gnn-v02-ubu2004/logs/runs/2025-10-09/12-52-06/csv/version_0/hparams.yaml
[2025-10-09 12:56:25,778][fsspec.local][DEBUG] - open file: C:/Users/jzhao16/Documents/GitHub/99-cell-tracker-gnn-test/99-cell-tracker-gnn-v02-ubu2004/logs/runs/2025-10-09/12-52-06/checkpoints/last.ckpt
[2025-10-09 12:56:25,792][fsspec.local][DEBUG] - open file: C:/Users/jzhao16/Documents/GitHub/99-cell-tracker-gnn-test/99-cell-tracker-gnn-v02-ubu2004/logs/runs/2025-10-09/12-52-06/csv/version_0/hparams.yaml
[2025-10-09 12:56:27,045][fsspec.local][DEBUG] - open file: C:/Users/jzhao16/Documents/GitHub/99-cell-tracker-gnn-test/99-cell-tracker-gnn-v02-ubu2004/logs/runs/2025-10-09/12-52-06/csv/version_0/hparams.yaml
[2025-10-09 12:56:27,963][fsspec.local][DEBUG] - open file: C:/Users/jzhao16/Documents/GitHub/99-cell-tracker-gnn-test/99-cell-tracker-gnn-v02-ubu2004/logs/runs/2025-10-09/12-52-06/csv/version_0/hparams.yaml
[2025-10-09 12:56:28,059][fsspec.local][DEBUG] - open file: C:/Users/jzhao16/Documents/GitHub/99-cell-tracker-gnn-test/99-cell-tracker-gnn-v02-ubu2004/logs/runs/2025-10-09/12-52-06/checkpoints/last.ckpt
[2025-10-09 12:56:28,078][fsspec.local][DEBUG] - open file: C:/Users/jzhao16/Documents/GitHub/99-cell-tracker-gnn-test/99-cell-tracker-gnn-v02-ubu2004/logs/runs/2025-10-09/12-52-06/csv/version_0/hparams.yaml
[2025-10-09 12:56:30,295][fsspec.local][DEBUG] - open file: C:/Users/jzhao16/Documents/GitHub/99-cell-tracker-gnn-test/99-cell-tracker-gnn-v02-ubu2004/logs/runs/2025-10-09/12-52-06/csv/version_0/hparams.yaml
[2025-10-09 12:56:30,384][fsspec.local][DEBUG] - open file: C:/Users/jzhao16/Documents/GitHub/99-cell-tracker-gnn-test/99-cell-tracker-gnn-v02-ubu2004/logs/runs/2025-10-09/12-52-06/checkpoints/last.ckpt
[2025-10-09 12:56:30,399][fsspec.local][DEBUG] - open file: C:/Users/jzhao16/Documents/GitHub/99-cell-tracker-gnn-test/99-cell-tracker-gnn-v02-ubu2004/logs/runs/2025-10-09/12-52-06/csv/version_0/hparams.yaml
[2025-10-09 12:56:32,459][fsspec.local][DEBUG] - open file: C:/Users/jzhao16/Documents/GitHub/99-cell-tracker-gnn-test/99-cell-tracker-gnn-v02-ubu2004/logs/runs/2025-10-09/12-52-06/csv/version_0/hparams.yaml
[2025-10-09 12:56:32,551][fsspec.local][DEBUG] - open file: C:/Users/jzhao16/Documents/GitHub/99-cell-tracker-gnn-test/99-cell-tracker-gnn-v02-ubu2004/logs/runs/2025-10-09/12-52-06/checkpoints/last.ckpt
[2025-10-09 12:56:32,566][fsspec.local][DEBUG] - open file: C:/Users/jzhao16/Documents/GitHub/99-cell-tracker-gnn-test/99-cell-tracker-gnn-v02-ubu2004/logs/runs/2025-10-09/12-52-06/csv/version_0/hparams.yaml
[2025-10-09 12:56:35,037][fsspec.local][DEBUG] - open file: C:/Users/jzhao16/Documents/GitHub/99-cell-tracker-gnn-test/99-cell-tracker-gnn-v02-ubu2004/logs/runs/2025-10-09/12-52-06/csv/version_0/hparams.yaml
[2025-10-09 12:56:35,131][fsspec.local][DEBUG] - open file: C:/Users/jzhao16/Documents/GitHub/99-cell-tracker-gnn-test/99-cell-tracker-gnn-v02-ubu2004/logs/runs/2025-10-09/12-52-06/checkpoints/last.ckpt
[2025-10-09 12:56:35,147][fsspec.local][DEBUG] - open file: C:/Users/jzhao16/Documents/GitHub/99-cell-tracker-gnn-test/99-cell-tracker-gnn-v02-ubu2004/logs/runs/2025-10-09/12-52-06/csv/version_0/hparams.yaml
[2025-10-09 12:56:37,278][fsspec.local][DEBUG] - open file: C:/Users/jzhao16/Documents/GitHub/99-cell-tracker-gnn-test/99-cell-tracker-gnn-v02-ubu2004/logs/runs/2025-10-09/12-52-06/csv/version_0/hparams.yaml
[2025-10-09 12:56:37,377][fsspec.local][DEBUG] - open file: C:/Users/jzhao16/Documents/GitHub/99-cell-tracker-gnn-test/99-cell-tracker-gnn-v02-ubu2004/logs/runs/2025-10-09/12-52-06/checkpoints/last.ckpt
[2025-10-09 12:56:37,392][fsspec.local][DEBUG] - open file: C:/Users/jzhao16/Documents/GitHub/99-cell-tracker-gnn-test/99-cell-tracker-gnn-v02-ubu2004/logs/runs/2025-10-09/12-52-06/csv/version_0/hparams.yaml
[2025-10-09 12:56:37,780][fsspec.local][DEBUG] - open file: C:/Users/jzhao16/Documents/GitHub/99-cell-tracker-gnn-test/99-cell-tracker-gnn-v02-ubu2004/logs/runs/2025-10-09/12-52-06/csv/version_0/hparams.yaml
[2025-10-09 12:56:39,578][fsspec.local][DEBUG] - open file: C:/Users/jzhao16/Documents/GitHub/99-cell-tracker-gnn-test/99-cell-tracker-gnn-v02-ubu2004/logs/runs/2025-10-09/12-52-06/csv/version_0/hparams.yaml
[2025-10-09 12:56:39,668][fsspec.local][DEBUG] - open file: C:/Users/jzhao16/Documents/GitHub/99-cell-tracker-gnn-test/99-cell-tracker-gnn-v02-ubu2004/logs/runs/2025-10-09/12-52-06/checkpoints/last.ckpt
[2025-10-09 12:56:39,682][fsspec.local][DEBUG] - open file: C:/Users/jzhao16/Documents/GitHub/99-cell-tracker-gnn-test/99-cell-tracker-gnn-v02-ubu2004/logs/runs/2025-10-09/12-52-06/csv/version_0/hparams.yaml
[2025-10-09 12:56:41,679][fsspec.local][DEBUG] - open file: C:/Users/jzhao16/Documents/GitHub/99-cell-tracker-gnn-test/99-cell-tracker-gnn-v02-ubu2004/logs/runs/2025-10-09/12-52-06/csv/version_0/hparams.yaml
[2025-10-09 12:56:41,767][fsspec.local][DEBUG] - open file: C:/Users/jzhao16/Documents/GitHub/99-cell-tracker-gnn-test/99-cell-tracker-gnn-v02-ubu2004/logs/runs/2025-10-09/12-52-06/checkpoints/last.ckpt
[2025-10-09 12:56:41,780][fsspec.local][DEBUG] - open file: C:/Users/jzhao16/Documents/GitHub/99-cell-tracker-gnn-test/99-cell-tracker-gnn-v02-ubu2004/logs/runs/2025-10-09/12-52-06/csv/version_0/hparams.yaml
[2025-10-09 12:56:43,807][fsspec.local][DEBUG] - open file: C:/Users/jzhao16/Documents/GitHub/99-cell-tracker-gnn-test/99-cell-tracker-gnn-v02-ubu2004/logs/runs/2025-10-09/12-52-06/csv/version_0/hparams.yaml
[2025-10-09 12:56:43,898][fsspec.local][DEBUG] - open file: C:/Users/jzhao16/Documents/GitHub/99-cell-tracker-gnn-test/99-cell-tracker-gnn-v02-ubu2004/logs/runs/2025-10-09/12-52-06/checkpoints/last.ckpt
[2025-10-09 12:56:43,913][fsspec.local][DEBUG] - open file: C:/Users/jzhao16/Documents/GitHub/99-cell-tracker-gnn-test/99-cell-tracker-gnn-v02-ubu2004/logs/runs/2025-10-09/12-52-06/csv/version_0/hparams.yaml
[2025-10-09 12:56:45,959][fsspec.local][DEBUG] - open file: C:/Users/jzhao16/Documents/GitHub/99-cell-tracker-gnn-test/99-cell-tracker-gnn-v02-ubu2004/logs/runs/2025-10-09/12-52-06/csv/version_0/hparams.yaml
[2025-10-09 12:56:46,051][fsspec.local][DEBUG] - open file: C:/Users/jzhao16/Documents/GitHub/99-cell-tracker-gnn-test/99-cell-tracker-gnn-v02-ubu2004/logs/runs/2025-10-09/12-52-06/checkpoints/last.ckpt
[2025-10-09 12:56:46,065][fsspec.local][DEBUG] - open file: C:/Users/jzhao16/Documents/GitHub/99-cell-tracker-gnn-test/99-cell-tracker-gnn-v02-ubu2004/logs/runs/2025-10-09/12-52-06/csv/version_0/hparams.yaml
[2025-10-09 12:56:47,568][fsspec.local][DEBUG] - open file: C:/Users/jzhao16/Documents/GitHub/99-cell-tracker-gnn-test/99-cell-tracker-gnn-v02-ubu2004/logs/runs/2025-10-09/12-52-06/csv/version_0/hparams.yaml
[2025-10-09 12:56:48,295][fsspec.local][DEBUG] - open file: C:/Users/jzhao16/Documents/GitHub/99-cell-tracker-gnn-test/99-cell-tracker-gnn-v02-ubu2004/logs/runs/2025-10-09/12-52-06/csv/version_0/hparams.yaml
[2025-10-09 12:56:48,433][fsspec.local][DEBUG] - open file: C:/Users/jzhao16/Documents/GitHub/99-cell-tracker-gnn-test/99-cell-tracker-gnn-v02-ubu2004/logs/runs/2025-10-09/12-52-06/checkpoints/last.ckpt
[2025-10-09 12:56:48,449][fsspec.local][DEBUG] - open file: C:/Users/jzhao16/Documents/GitHub/99-cell-tracker-gnn-test/99-cell-tracker-gnn-v02-ubu2004/logs/runs/2025-10-09/12-52-06/csv/version_0/hparams.yaml
[2025-10-09 12:56:50,702][fsspec.local][DEBUG] - open file: C:/Users/jzhao16/Documents/GitHub/99-cell-tracker-gnn-test/99-cell-tracker-gnn-v02-ubu2004/logs/runs/2025-10-09/12-52-06/csv/version_0/hparams.yaml
[2025-10-09 12:56:50,795][fsspec.local][DEBUG] - open file: C:/Users/jzhao16/Documents/GitHub/99-cell-tracker-gnn-test/99-cell-tracker-gnn-v02-ubu2004/logs/runs/2025-10-09/12-52-06/checkpoints/last.ckpt
[2025-10-09 12:56:50,811][fsspec.local][DEBUG] - open file: C:/Users/jzhao16/Documents/GitHub/99-cell-tracker-gnn-test/99-cell-tracker-gnn-v02-ubu2004/logs/runs/2025-10-09/12-52-06/csv/version_0/hparams.yaml
[2025-10-09 12:56:52,801][fsspec.local][DEBUG] - open file: C:/Users/jzhao16/Documents/GitHub/99-cell-tracker-gnn-test/99-cell-tracker-gnn-v02-ubu2004/logs/runs/2025-10-09/12-52-06/csv/version_0/hparams.yaml
[2025-10-09 12:56:52,894][fsspec.local][DEBUG] - open file: C:/Users/jzhao16/Documents/GitHub/99-cell-tracker-gnn-test/99-cell-tracker-gnn-v02-ubu2004/logs/runs/2025-10-09/12-52-06/checkpoints/last.ckpt
[2025-10-09 12:56:52,909][fsspec.local][DEBUG] - open file: C:/Users/jzhao16/Documents/GitHub/99-cell-tracker-gnn-test/99-cell-tracker-gnn-v02-ubu2004/logs/runs/2025-10-09/12-52-06/csv/version_0/hparams.yaml
[2025-10-09 12:56:54,870][fsspec.local][DEBUG] - open file: C:/Users/jzhao16/Documents/GitHub/99-cell-tracker-gnn-test/99-cell-tracker-gnn-v02-ubu2004/logs/runs/2025-10-09/12-52-06/csv/version_0/hparams.yaml
[2025-10-09 12:56:54,956][fsspec.local][DEBUG] - open file: C:/Users/jzhao16/Documents/GitHub/99-cell-tracker-gnn-test/99-cell-tracker-gnn-v02-ubu2004/logs/runs/2025-10-09/12-52-06/checkpoints/last.ckpt
[2025-10-09 12:56:55,039][fsspec.local][DEBUG] - open file: C:/Users/jzhao16/Documents/GitHub/99-cell-tracker-gnn-test/99-cell-tracker-gnn-v02-ubu2004/logs/runs/2025-10-09/12-52-06/csv/version_0/hparams.yaml
[2025-10-09 12:56:56,915][fsspec.local][DEBUG] - open file: C:/Users/jzhao16/Documents/GitHub/99-cell-tracker-gnn-test/99-cell-tracker-gnn-v02-ubu2004/logs/runs/2025-10-09/12-52-06/csv/version_0/hparams.yaml
[2025-10-09 12:56:57,002][fsspec.local][DEBUG] - open file: C:/Users/jzhao16/Documents/GitHub/99-cell-tracker-gnn-test/99-cell-tracker-gnn-v02-ubu2004/logs/runs/2025-10-09/12-52-06/checkpoints/last.ckpt
[2025-10-09 12:56:57,014][fsspec.local][DEBUG] - open file: C:/Users/jzhao16/Documents/GitHub/99-cell-tracker-gnn-test/99-cell-tracker-gnn-v02-ubu2004/logs/runs/2025-10-09/12-52-06/csv/version_0/hparams.yaml
[2025-10-09 12:56:57,552][fsspec.local][DEBUG] - open file: C:/Users/jzhao16/Documents/GitHub/99-cell-tracker-gnn-test/99-cell-tracker-gnn-v02-ubu2004/logs/runs/2025-10-09/12-52-06/csv/version_0/hparams.yaml
[2025-10-09 12:56:59,220][fsspec.local][DEBUG] - open file: C:/Users/jzhao16/Documents/GitHub/99-cell-tracker-gnn-test/99-cell-tracker-gnn-v02-ubu2004/logs/runs/2025-10-09/12-52-06/csv/version_0/hparams.yaml
[2025-10-09 12:56:59,307][fsspec.local][DEBUG] - open file: C:/Users/jzhao16/Documents/GitHub/99-cell-tracker-gnn-test/99-cell-tracker-gnn-v02-ubu2004/logs/runs/2025-10-09/12-52-06/checkpoints/last.ckpt
[2025-10-09 12:56:59,320][fsspec.local][DEBUG] - open file: C:/Users/jzhao16/Documents/GitHub/99-cell-tracker-gnn-test/99-cell-tracker-gnn-v02-ubu2004/logs/runs/2025-10-09/12-52-06/csv/version_0/hparams.yaml
[2025-10-09 12:57:01,371][fsspec.local][DEBUG] - open file: C:/Users/jzhao16/Documents/GitHub/99-cell-tracker-gnn-test/99-cell-tracker-gnn-v02-ubu2004/logs/runs/2025-10-09/12-52-06/csv/version_0/hparams.yaml
[2025-10-09 12:57:01,462][fsspec.local][DEBUG] - open file: C:/Users/jzhao16/Documents/GitHub/99-cell-tracker-gnn-test/99-cell-tracker-gnn-v02-ubu2004/logs/runs/2025-10-09/12-52-06/checkpoints/last.ckpt
[2025-10-09 12:57:01,476][fsspec.local][DEBUG] - open file: C:/Users/jzhao16/Documents/GitHub/99-cell-tracker-gnn-test/99-cell-tracker-gnn-v02-ubu2004/logs/runs/2025-10-09/12-52-06/csv/version_0/hparams.yaml
[2025-10-09 12:57:03,655][fsspec.local][DEBUG] - open file: C:/Users/jzhao16/Documents/GitHub/99-cell-tracker-gnn-test/99-cell-tracker-gnn-v02-ubu2004/logs/runs/2025-10-09/12-52-06/csv/version_0/hparams.yaml
[2025-10-09 12:57:03,772][fsspec.local][DEBUG] - open file: C:/Users/jzhao16/Documents/GitHub/99-cell-tracker-gnn-test/99-cell-tracker-gnn-v02-ubu2004/logs/runs/2025-10-09/12-52-06/checkpoints/last.ckpt
[2025-10-09 12:57:03,790][fsspec.local][DEBUG] - open file: C:/Users/jzhao16/Documents/GitHub/99-cell-tracker-gnn-test/99-cell-tracker-gnn-v02-ubu2004/logs/runs/2025-10-09/12-52-06/csv/version_0/hparams.yaml
[2025-10-09 12:57:05,828][fsspec.local][DEBUG] - open file: C:/Users/jzhao16/Documents/GitHub/99-cell-tracker-gnn-test/99-cell-tracker-gnn-v02-ubu2004/logs/runs/2025-10-09/12-52-06/csv/version_0/hparams.yaml
[2025-10-09 12:57:05,932][fsspec.local][DEBUG] - open file: C:/Users/jzhao16/Documents/GitHub/99-cell-tracker-gnn-test/99-cell-tracker-gnn-v02-ubu2004/logs/runs/2025-10-09/12-52-06/checkpoints/last.ckpt
[2025-10-09 12:57:05,948][fsspec.local][DEBUG] - open file: C:/Users/jzhao16/Documents/GitHub/99-cell-tracker-gnn-test/99-cell-tracker-gnn-v02-ubu2004/logs/runs/2025-10-09/12-52-06/csv/version_0/hparams.yaml
[2025-10-09 12:57:07,637][fsspec.local][DEBUG] - open file: C:/Users/jzhao16/Documents/GitHub/99-cell-tracker-gnn-test/99-cell-tracker-gnn-v02-ubu2004/logs/runs/2025-10-09/12-52-06/csv/version_0/hparams.yaml
[2025-10-09 12:57:08,125][fsspec.local][DEBUG] - open file: C:/Users/jzhao16/Documents/GitHub/99-cell-tracker-gnn-test/99-cell-tracker-gnn-v02-ubu2004/logs/runs/2025-10-09/12-52-06/csv/version_0/hparams.yaml
[2025-10-09 12:57:08,221][fsspec.local][DEBUG] - open file: C:/Users/jzhao16/Documents/GitHub/99-cell-tracker-gnn-test/99-cell-tracker-gnn-v02-ubu2004/logs/runs/2025-10-09/12-52-06/checkpoints/last.ckpt
[2025-10-09 12:57:08,238][fsspec.local][DEBUG] - open file: C:/Users/jzhao16/Documents/GitHub/99-cell-tracker-gnn-test/99-cell-tracker-gnn-v02-ubu2004/logs/runs/2025-10-09/12-52-06/csv/version_0/hparams.yaml
[2025-10-09 12:57:10,312][fsspec.local][DEBUG] - open file: C:/Users/jzhao16/Documents/GitHub/99-cell-tracker-gnn-test/99-cell-tracker-gnn-v02-ubu2004/logs/runs/2025-10-09/12-52-06/csv/version_0/hparams.yaml
[2025-10-09 12:57:10,406][fsspec.local][DEBUG] - open file: C:/Users/jzhao16/Documents/GitHub/99-cell-tracker-gnn-test/99-cell-tracker-gnn-v02-ubu2004/logs/runs/2025-10-09/12-52-06/checkpoints/last.ckpt
[2025-10-09 12:57:10,423][fsspec.local][DEBUG] - open file: C:/Users/jzhao16/Documents/GitHub/99-cell-tracker-gnn-test/99-cell-tracker-gnn-v02-ubu2004/logs/runs/2025-10-09/12-52-06/csv/version_0/hparams.yaml
[2025-10-09 12:57:12,504][fsspec.local][DEBUG] - open file: C:/Users/jzhao16/Documents/GitHub/99-cell-tracker-gnn-test/99-cell-tracker-gnn-v02-ubu2004/logs/runs/2025-10-09/12-52-06/csv/version_0/hparams.yaml
[2025-10-09 12:57:12,604][fsspec.local][DEBUG] - open file: C:/Users/jzhao16/Documents/GitHub/99-cell-tracker-gnn-test/99-cell-tracker-gnn-v02-ubu2004/logs/runs/2025-10-09/12-52-06/checkpoints/last.ckpt
[2025-10-09 12:57:12,621][fsspec.local][DEBUG] - open file: C:/Users/jzhao16/Documents/GitHub/99-cell-tracker-gnn-test/99-cell-tracker-gnn-v02-ubu2004/logs/runs/2025-10-09/12-52-06/csv/version_0/hparams.yaml
[2025-10-09 12:57:14,641][fsspec.local][DEBUG] - open file: C:/Users/jzhao16/Documents/GitHub/99-cell-tracker-gnn-test/99-cell-tracker-gnn-v02-ubu2004/logs/runs/2025-10-09/12-52-06/csv/version_0/hparams.yaml
[2025-10-09 12:57:14,728][fsspec.local][DEBUG] - open file: C:/Users/jzhao16/Documents/GitHub/99-cell-tracker-gnn-test/99-cell-tracker-gnn-v02-ubu2004/logs/runs/2025-10-09/12-52-06/checkpoints/last.ckpt
[2025-10-09 12:57:14,741][fsspec.local][DEBUG] - open file: C:/Users/jzhao16/Documents/GitHub/99-cell-tracker-gnn-test/99-cell-tracker-gnn-v02-ubu2004/logs/runs/2025-10-09/12-52-06/csv/version_0/hparams.yaml
[2025-10-09 12:57:16,804][fsspec.local][DEBUG] - open file: C:/Users/jzhao16/Documents/GitHub/99-cell-tracker-gnn-test/99-cell-tracker-gnn-v02-ubu2004/logs/runs/2025-10-09/12-52-06/csv/version_0/hparams.yaml
[2025-10-09 12:57:16,900][fsspec.local][DEBUG] - open file: C:/Users/jzhao16/Documents/GitHub/99-cell-tracker-gnn-test/99-cell-tracker-gnn-v02-ubu2004/logs/runs/2025-10-09/12-52-06/checkpoints/last.ckpt
[2025-10-09 12:57:16,915][fsspec.local][DEBUG] - open file: C:/Users/jzhao16/Documents/GitHub/99-cell-tracker-gnn-test/99-cell-tracker-gnn-v02-ubu2004/logs/runs/2025-10-09/12-52-06/csv/version_0/hparams.yaml
[2025-10-09 12:57:17,682][fsspec.local][DEBUG] - open file: C:/Users/jzhao16/Documents/GitHub/99-cell-tracker-gnn-test/99-cell-tracker-gnn-v02-ubu2004/logs/runs/2025-10-09/12-52-06/csv/version_0/hparams.yaml
[2025-10-09 12:57:19,260][fsspec.local][DEBUG] - open file: C:/Users/jzhao16/Documents/GitHub/99-cell-tracker-gnn-test/99-cell-tracker-gnn-v02-ubu2004/logs/runs/2025-10-09/12-52-06/csv/version_0/hparams.yaml
[2025-10-09 12:57:19,359][fsspec.local][DEBUG] - open file: C:/Users/jzhao16/Documents/GitHub/99-cell-tracker-gnn-test/99-cell-tracker-gnn-v02-ubu2004/logs/runs/2025-10-09/12-52-06/checkpoints/last.ckpt
[2025-10-09 12:57:19,376][fsspec.local][DEBUG] - open file: C:/Users/jzhao16/Documents/GitHub/99-cell-tracker-gnn-test/99-cell-tracker-gnn-v02-ubu2004/logs/runs/2025-10-09/12-52-06/csv/version_0/hparams.yaml
[2025-10-09 12:57:21,427][fsspec.local][DEBUG] - open file: C:/Users/jzhao16/Documents/GitHub/99-cell-tracker-gnn-test/99-cell-tracker-gnn-v02-ubu2004/logs/runs/2025-10-09/12-52-06/csv/version_0/hparams.yaml
[2025-10-09 12:57:21,519][fsspec.local][DEBUG] - open file: C:/Users/jzhao16/Documents/GitHub/99-cell-tracker-gnn-test/99-cell-tracker-gnn-v02-ubu2004/logs/runs/2025-10-09/12-52-06/checkpoints/last.ckpt
[2025-10-09 12:57:21,535][fsspec.local][DEBUG] - open file: C:/Users/jzhao16/Documents/GitHub/99-cell-tracker-gnn-test/99-cell-tracker-gnn-v02-ubu2004/logs/runs/2025-10-09/12-52-06/csv/version_0/hparams.yaml
[2025-10-09 12:57:23,566][fsspec.local][DEBUG] - open file: C:/Users/jzhao16/Documents/GitHub/99-cell-tracker-gnn-test/99-cell-tracker-gnn-v02-ubu2004/logs/runs/2025-10-09/12-52-06/csv/version_0/hparams.yaml
[2025-10-09 12:57:23,656][fsspec.local][DEBUG] - open file: C:/Users/jzhao16/Documents/GitHub/99-cell-tracker-gnn-test/99-cell-tracker-gnn-v02-ubu2004/logs/runs/2025-10-09/12-52-06/checkpoints/last.ckpt
[2025-10-09 12:57:23,671][fsspec.local][DEBUG] - open file: C:/Users/jzhao16/Documents/GitHub/99-cell-tracker-gnn-test/99-cell-tracker-gnn-v02-ubu2004/logs/runs/2025-10-09/12-52-06/csv/version_0/hparams.yaml
[2025-10-09 12:57:26,115][fsspec.local][DEBUG] - open file: C:/Users/jzhao16/Documents/GitHub/99-cell-tracker-gnn-test/99-cell-tracker-gnn-v02-ubu2004/logs/runs/2025-10-09/12-52-06/csv/version_0/hparams.yaml
[2025-10-09 12:57:26,209][fsspec.local][DEBUG] - open file: C:/Users/jzhao16/Documents/GitHub/99-cell-tracker-gnn-test/99-cell-tracker-gnn-v02-ubu2004/logs/runs/2025-10-09/12-52-06/checkpoints/last.ckpt
[2025-10-09 12:57:26,224][fsspec.local][DEBUG] - open file: C:/Users/jzhao16/Documents/GitHub/99-cell-tracker-gnn-test/99-cell-tracker-gnn-v02-ubu2004/logs/runs/2025-10-09/12-52-06/csv/version_0/hparams.yaml
[2025-10-09 12:57:27,963][fsspec.local][DEBUG] - open file: C:/Users/jzhao16/Documents/GitHub/99-cell-tracker-gnn-test/99-cell-tracker-gnn-v02-ubu2004/logs/runs/2025-10-09/12-52-06/csv/version_0/hparams.yaml
[2025-10-09 12:57:28,267][fsspec.local][DEBUG] - open file: C:/Users/jzhao16/Documents/GitHub/99-cell-tracker-gnn-test/99-cell-tracker-gnn-v02-ubu2004/logs/runs/2025-10-09/12-52-06/csv/version_0/hparams.yaml
[2025-10-09 12:57:28,363][fsspec.local][DEBUG] - open file: C:/Users/jzhao16/Documents/GitHub/99-cell-tracker-gnn-test/99-cell-tracker-gnn-v02-ubu2004/logs/runs/2025-10-09/12-52-06/checkpoints/last.ckpt
[2025-10-09 12:57:28,375][fsspec.local][DEBUG] - open file: C:/Users/jzhao16/Documents/GitHub/99-cell-tracker-gnn-test/99-cell-tracker-gnn-v02-ubu2004/logs/runs/2025-10-09/12-52-06/csv/version_0/hparams.yaml
[2025-10-09 12:57:30,492][fsspec.local][DEBUG] - open file: C:/Users/jzhao16/Documents/GitHub/99-cell-tracker-gnn-test/99-cell-tracker-gnn-v02-ubu2004/logs/runs/2025-10-09/12-52-06/csv/version_0/hparams.yaml
[2025-10-09 12:57:30,589][fsspec.local][DEBUG] - open file: C:/Users/jzhao16/Documents/GitHub/99-cell-tracker-gnn-test/99-cell-tracker-gnn-v02-ubu2004/logs/runs/2025-10-09/12-52-06/checkpoints/last.ckpt
[2025-10-09 12:57:30,602][fsspec.local][DEBUG] - open file: C:/Users/jzhao16/Documents/GitHub/99-cell-tracker-gnn-test/99-cell-tracker-gnn-v02-ubu2004/logs/runs/2025-10-09/12-52-06/csv/version_0/hparams.yaml
[2025-10-09 12:57:32,629][fsspec.local][DEBUG] - open file: C:/Users/jzhao16/Documents/GitHub/99-cell-tracker-gnn-test/99-cell-tracker-gnn-v02-ubu2004/logs/runs/2025-10-09/12-52-06/csv/version_0/hparams.yaml
[2025-10-09 12:57:32,724][fsspec.local][DEBUG] - open file: C:/Users/jzhao16/Documents/GitHub/99-cell-tracker-gnn-test/99-cell-tracker-gnn-v02-ubu2004/logs/runs/2025-10-09/12-52-06/checkpoints/last.ckpt
[2025-10-09 12:57:32,743][fsspec.local][DEBUG] - open file: C:/Users/jzhao16/Documents/GitHub/99-cell-tracker-gnn-test/99-cell-tracker-gnn-v02-ubu2004/logs/runs/2025-10-09/12-52-06/csv/version_0/hparams.yaml
[2025-10-09 12:57:34,711][fsspec.local][DEBUG] - open file: C:/Users/jzhao16/Documents/GitHub/99-cell-tracker-gnn-test/99-cell-tracker-gnn-v02-ubu2004/logs/runs/2025-10-09/12-52-06/csv/version_0/hparams.yaml
[2025-10-09 12:57:34,869][fsspec.local][DEBUG] - open file: C:/Users/jzhao16/Documents/GitHub/99-cell-tracker-gnn-test/99-cell-tracker-gnn-v02-ubu2004/logs/runs/2025-10-09/12-52-06/checkpoints/last.ckpt
[2025-10-09 12:57:34,922][fsspec.local][DEBUG] - open file: C:/Users/jzhao16/Documents/GitHub/99-cell-tracker-gnn-test/99-cell-tracker-gnn-v02-ubu2004/logs/runs/2025-10-09/12-52-06/csv/version_0/hparams.yaml
[2025-10-09 12:57:36,931][fsspec.local][DEBUG] - open file: C:/Users/jzhao16/Documents/GitHub/99-cell-tracker-gnn-test/99-cell-tracker-gnn-v02-ubu2004/logs/runs/2025-10-09/12-52-06/csv/version_0/hparams.yaml
[2025-10-09 12:57:37,026][fsspec.local][DEBUG] - open file: C:/Users/jzhao16/Documents/GitHub/99-cell-tracker-gnn-test/99-cell-tracker-gnn-v02-ubu2004/logs/runs/2025-10-09/12-52-06/checkpoints/last.ckpt
[2025-10-09 12:57:37,040][fsspec.local][DEBUG] - open file: C:/Users/jzhao16/Documents/GitHub/99-cell-tracker-gnn-test/99-cell-tracker-gnn-v02-ubu2004/logs/runs/2025-10-09/12-52-06/csv/version_0/hparams.yaml
[2025-10-09 12:57:37,885][fsspec.local][DEBUG] - open file: C:/Users/jzhao16/Documents/GitHub/99-cell-tracker-gnn-test/99-cell-tracker-gnn-v02-ubu2004/logs/runs/2025-10-09/12-52-06/csv/version_0/hparams.yaml
[2025-10-09 12:57:39,029][fsspec.local][DEBUG] - open file: C:/Users/jzhao16/Documents/GitHub/99-cell-tracker-gnn-test/99-cell-tracker-gnn-v02-ubu2004/logs/runs/2025-10-09/12-52-06/csv/version_0/hparams.yaml
[2025-10-09 12:57:39,120][fsspec.local][DEBUG] - open file: C:/Users/jzhao16/Documents/GitHub/99-cell-tracker-gnn-test/99-cell-tracker-gnn-v02-ubu2004/logs/runs/2025-10-09/12-52-06/checkpoints/last.ckpt
[2025-10-09 12:57:39,132][fsspec.local][DEBUG] - open file: C:/Users/jzhao16/Documents/GitHub/99-cell-tracker-gnn-test/99-cell-tracker-gnn-v02-ubu2004/logs/runs/2025-10-09/12-52-06/csv/version_0/hparams.yaml
[2025-10-09 12:57:41,124][fsspec.local][DEBUG] - open file: C:/Users/jzhao16/Documents/GitHub/99-cell-tracker-gnn-test/99-cell-tracker-gnn-v02-ubu2004/logs/runs/2025-10-09/12-52-06/csv/version_0/hparams.yaml
[2025-10-09 12:57:41,225][fsspec.local][DEBUG] - open file: C:/Users/jzhao16/Documents/GitHub/99-cell-tracker-gnn-test/99-cell-tracker-gnn-v02-ubu2004/logs/runs/2025-10-09/12-52-06/checkpoints/last.ckpt
[2025-10-09 12:57:41,231][fsspec.local][DEBUG] - open file: C:/Users/jzhao16/Documents/GitHub/99-cell-tracker-gnn-test/99-cell-tracker-gnn-v02-ubu2004/logs/runs/2025-10-09/12-52-06/csv/version_0/hparams.yaml
[2025-10-09 12:57:43,219][fsspec.local][DEBUG] - open file: C:/Users/jzhao16/Documents/GitHub/99-cell-tracker-gnn-test/99-cell-tracker-gnn-v02-ubu2004/logs/runs/2025-10-09/12-52-06/csv/version_0/hparams.yaml
[2025-10-09 12:57:43,316][fsspec.local][DEBUG] - open file: C:/Users/jzhao16/Documents/GitHub/99-cell-tracker-gnn-test/99-cell-tracker-gnn-v02-ubu2004/logs/runs/2025-10-09/12-52-06/checkpoints/last.ckpt
[2025-10-09 12:57:43,332][fsspec.local][DEBUG] - open file: C:/Users/jzhao16/Documents/GitHub/99-cell-tracker-gnn-test/99-cell-tracker-gnn-v02-ubu2004/logs/runs/2025-10-09/12-52-06/csv/version_0/hparams.yaml
[2025-10-09 12:57:45,942][fsspec.local][DEBUG] - open file: C:/Users/jzhao16/Documents/GitHub/99-cell-tracker-gnn-test/99-cell-tracker-gnn-v02-ubu2004/logs/runs/2025-10-09/12-52-06/csv/version_0/hparams.yaml
[2025-10-09 12:57:46,082][fsspec.local][DEBUG] - open file: C:/Users/jzhao16/Documents/GitHub/99-cell-tracker-gnn-test/99-cell-tracker-gnn-v02-ubu2004/logs/runs/2025-10-09/12-52-06/checkpoints/last.ckpt
[2025-10-09 12:57:46,100][fsspec.local][DEBUG] - open file: C:/Users/jzhao16/Documents/GitHub/99-cell-tracker-gnn-test/99-cell-tracker-gnn-v02-ubu2004/logs/runs/2025-10-09/12-52-06/csv/version_0/hparams.yaml
[2025-10-09 12:57:48,698][fsspec.local][DEBUG] - open file: C:/Users/jzhao16/Documents/GitHub/99-cell-tracker-gnn-test/99-cell-tracker-gnn-v02-ubu2004/logs/runs/2025-10-09/12-52-06/csv/version_0/hparams.yaml
[2025-10-09 12:57:48,730][fsspec.local][DEBUG] - open file: C:/Users/jzhao16/Documents/GitHub/99-cell-tracker-gnn-test/99-cell-tracker-gnn-v02-ubu2004/logs/runs/2025-10-09/12-52-06/csv/version_0/hparams.yaml
[2025-10-09 12:57:48,816][fsspec.local][DEBUG] - open file: C:/Users/jzhao16/Documents/GitHub/99-cell-tracker-gnn-test/99-cell-tracker-gnn-v02-ubu2004/logs/runs/2025-10-09/12-52-06/checkpoints/last.ckpt
[2025-10-09 12:57:48,832][fsspec.local][DEBUG] - open file: C:/Users/jzhao16/Documents/GitHub/99-cell-tracker-gnn-test/99-cell-tracker-gnn-v02-ubu2004/logs/runs/2025-10-09/12-52-06/csv/version_0/hparams.yaml
[2025-10-09 12:57:51,081][fsspec.local][DEBUG] - open file: C:/Users/jzhao16/Documents/GitHub/99-cell-tracker-gnn-test/99-cell-tracker-gnn-v02-ubu2004/logs/runs/2025-10-09/12-52-06/csv/version_0/hparams.yaml
[2025-10-09 12:57:51,176][fsspec.local][DEBUG] - open file: C:/Users/jzhao16/Documents/GitHub/99-cell-tracker-gnn-test/99-cell-tracker-gnn-v02-ubu2004/logs/runs/2025-10-09/12-52-06/checkpoints/last.ckpt
[2025-10-09 12:57:51,192][fsspec.local][DEBUG] - open file: C:/Users/jzhao16/Documents/GitHub/99-cell-tracker-gnn-test/99-cell-tracker-gnn-v02-ubu2004/logs/runs/2025-10-09/12-52-06/csv/version_0/hparams.yaml
[2025-10-09 12:57:53,241][fsspec.local][DEBUG] - open file: C:/Users/jzhao16/Documents/GitHub/99-cell-tracker-gnn-test/99-cell-tracker-gnn-v02-ubu2004/logs/runs/2025-10-09/12-52-06/csv/version_0/hparams.yaml
[2025-10-09 12:57:53,337][fsspec.local][DEBUG] - open file: C:/Users/jzhao16/Documents/GitHub/99-cell-tracker-gnn-test/99-cell-tracker-gnn-v02-ubu2004/logs/runs/2025-10-09/12-52-06/checkpoints/last.ckpt
[2025-10-09 12:57:53,351][fsspec.local][DEBUG] - open file: C:/Users/jzhao16/Documents/GitHub/99-cell-tracker-gnn-test/99-cell-tracker-gnn-v02-ubu2004/logs/runs/2025-10-09/12-52-06/csv/version_0/hparams.yaml
[2025-10-09 12:57:55,348][fsspec.local][DEBUG] - open file: C:/Users/jzhao16/Documents/GitHub/99-cell-tracker-gnn-test/99-cell-tracker-gnn-v02-ubu2004/logs/runs/2025-10-09/12-52-06/csv/version_0/hparams.yaml
[2025-10-09 12:57:55,443][fsspec.local][DEBUG] - open file: C:/Users/jzhao16/Documents/GitHub/99-cell-tracker-gnn-test/99-cell-tracker-gnn-v02-ubu2004/logs/runs/2025-10-09/12-52-06/checkpoints/last.ckpt
[2025-10-09 12:57:55,456][fsspec.local][DEBUG] - open file: C:/Users/jzhao16/Documents/GitHub/99-cell-tracker-gnn-test/99-cell-tracker-gnn-v02-ubu2004/logs/runs/2025-10-09/12-52-06/csv/version_0/hparams.yaml
[2025-10-09 12:57:57,433][fsspec.local][DEBUG] - open file: C:/Users/jzhao16/Documents/GitHub/99-cell-tracker-gnn-test/99-cell-tracker-gnn-v02-ubu2004/logs/runs/2025-10-09/12-52-06/csv/version_0/hparams.yaml
[2025-10-09 12:57:57,533][fsspec.local][DEBUG] - open file: C:/Users/jzhao16/Documents/GitHub/99-cell-tracker-gnn-test/99-cell-tracker-gnn-v02-ubu2004/logs/runs/2025-10-09/12-52-06/checkpoints/last.ckpt
[2025-10-09 12:57:57,547][fsspec.local][DEBUG] - open file: C:/Users/jzhao16/Documents/GitHub/99-cell-tracker-gnn-test/99-cell-tracker-gnn-v02-ubu2004/logs/runs/2025-10-09/12-52-06/csv/version_0/hparams.yaml
[2025-10-09 12:57:58,615][fsspec.local][DEBUG] - open file: C:/Users/jzhao16/Documents/GitHub/99-cell-tracker-gnn-test/99-cell-tracker-gnn-v02-ubu2004/logs/runs/2025-10-09/12-52-06/csv/version_0/hparams.yaml
[2025-10-09 12:57:59,546][fsspec.local][DEBUG] - open file: C:/Users/jzhao16/Documents/GitHub/99-cell-tracker-gnn-test/99-cell-tracker-gnn-v02-ubu2004/logs/runs/2025-10-09/12-52-06/csv/version_0/hparams.yaml
[2025-10-09 12:57:59,645][fsspec.local][DEBUG] - open file: C:/Users/jzhao16/Documents/GitHub/99-cell-tracker-gnn-test/99-cell-tracker-gnn-v02-ubu2004/logs/runs/2025-10-09/12-52-06/checkpoints/last.ckpt
[2025-10-09 12:57:59,659][fsspec.local][DEBUG] - open file: C:/Users/jzhao16/Documents/GitHub/99-cell-tracker-gnn-test/99-cell-tracker-gnn-v02-ubu2004/logs/runs/2025-10-09/12-52-06/csv/version_0/hparams.yaml
[2025-10-09 12:58:01,819][fsspec.local][DEBUG] - open file: C:/Users/jzhao16/Documents/GitHub/99-cell-tracker-gnn-test/99-cell-tracker-gnn-v02-ubu2004/logs/runs/2025-10-09/12-52-06/csv/version_0/hparams.yaml
[2025-10-09 12:58:01,930][fsspec.local][DEBUG] - open file: C:/Users/jzhao16/Documents/GitHub/99-cell-tracker-gnn-test/99-cell-tracker-gnn-v02-ubu2004/logs/runs/2025-10-09/12-52-06/checkpoints/last.ckpt
[2025-10-09 12:58:01,963][fsspec.local][DEBUG] - open file: C:/Users/jzhao16/Documents/GitHub/99-cell-tracker-gnn-test/99-cell-tracker-gnn-v02-ubu2004/logs/runs/2025-10-09/12-52-06/csv/version_0/hparams.yaml
[2025-10-09 12:58:02,176][fsspec.local][DEBUG] - open file: C:/Users/jzhao16/Documents/GitHub/99-cell-tracker-gnn-test/99-cell-tracker-gnn-v02-ubu2004/logs/runs/2025-10-09/12-52-06/checkpoints/last.ckpt
[2025-10-09 12:58:02,192][fsspec.local][DEBUG] - open file: C:/Users/jzhao16/Documents/GitHub/99-cell-tracker-gnn-test/99-cell-tracker-gnn-v02-ubu2004/logs/runs/2025-10-09/12-52-06/csv/version_0/hparams.yaml
[2025-10-09 12:58:02,257][src.train][INFO] - Starting testing!
[2025-10-09 12:58:02,257][fsspec.local][DEBUG] - open file: C:/Users/jzhao16/Documents/GitHub/99-cell-tracker-gnn-test/99-cell-tracker-gnn-v02-ubu2004/logs/runs/2025-10-09/12-52-06/checkpoints/epoch=105.ckpt
[2025-10-09 12:58:03,671][pytorch_lightning.accelerators.gpu][INFO] - LOCAL_RANK: 0 - CUDA_VISIBLE_DEVICES: [0]
[2025-10-09 12:58:03,695][fsspec.local][DEBUG] - open file: C:/Users/jzhao16/Documents/GitHub/99-cell-tracker-gnn-test/99-cell-tracker-gnn-v02-ubu2004/logs/runs/2025-10-09/12-52-06/csv/version_0/hparams.yaml
[2025-10-09 12:58:03,808][fsspec.local][DEBUG] - open file: C:/Users/jzhao16/Documents/GitHub/99-cell-tracker-gnn-test/99-cell-tracker-gnn-v02-ubu2004/logs/runs/2025-10-09/12-52-06/csv/version_0/hparams.yaml
[2025-10-09 12:58:03,848][src.train][INFO] - Finalizing!
[2025-10-09 12:58:03,848][src.train][INFO] - Best checkpoint path:
checkpoints/epoch=105.ckpt
