id,frame_num,area,min_row_bb,min_col_bb,max_row_bb,max_col_bb,centroid_row,centroid_col,major_axis_length,minor_axis_length,max_intensity,mean_intensity,min_intensity
1,26,434,86,96,108,121,96,108,27.727729110410444,19.989629286967272,181.0,129.38248847926266,54.0
2,26,193,92,181,107,196,99,188,15.675465136763439,15.675465136763439,131.0,78.10880829015544,50.0
3,26,145,150,257,163,270,156,263,13.57482456862576,13.57482456862576,104.0,61.10344827586207,29.0
4,26,145,406,401,419,414,412,407,13.57482456862576,13.57482456862576,169.0,117.15172413793104,66.0
5,26,145,395,197,408,210,401,203,13.57482456862576,13.57482456862576,157.0,105.22758620689655,61.0
6,26,145,330,565,343,578,336,571,13.57482456862576,13.57482456862576,180.0,138.67586206896553,66.0
