id,frame_num,area,min_row_bb,min_col_bb,max_row_bb,max_col_bb,centroid_row,centroid_col,major_axis_length,minor_axis_length,max_intensity,mean_intensity,min_intensity
1,74,249,115,136,132,153,123,144,17.809342794248536,17.809342794248536,136.0,80.37349397590361,45.0
3,74,145,175,269,188,282,181,275,13.57482456862576,13.57482456862576,113.0,69.76551724137931,34.0
4,74,197,391,330,404,347,397,338,18.02423636237332,13.955694942201802,180.0,120.13705583756345,58.0
5,74,171,240,149,255,162,247,155,15.788070113054884,13.795498884552316,127.0,87.28070175438596,55.0
6,74,158,361,575,374,589,367,582,14.677977993398258,13.694681588027827,75.0,46.29113924050633,29.0
8,74,25,420,136,425,141,422,138,5.656854249492381,5.656854249492381,87.0,83.76,80.0
