id,frame_num,area,min_row_bb,min_col_bb,max_row_bb,max_col_bb,centroid_row,centroid_col,major_axis_length,minor_axis_length,max_intensity,mean_intensity,min_intensity
1,114,193,162,156,177,171,169,163,15.675465136763439,15.675465136763439,181.0,137.9378238341969,89.0
2,114,45,55,227,62,234,58,230,7.542472332656507,7.542472332656507,112.0,104.04444444444445,94.0
3,114,145,131,234,144,247,137,240,13.57482456862576,13.57482456862576,117.0,83.35862068965517,63.0
4,114,190,417,280,431,296,424,287,16.901030681431752,14.310507292511137,156.0,123.33684210526316,87.0
5,114,145,206,54,219,67,212,60,13.57482456862576,13.57482456862576,140.0,90.77931034482759,61.0
6,114,177,308,547,323,561,315,554,15.898178224211469,14.156161081366477,176.0,114.32768361581921,62.0
8,114,30,438,49,443,55,440,52,6.831300510639732,5.656854249492381,140.0,116.76666666666667,89.0
