id,frame_num,area,min_row_bb,min_col_bb,max_row_bb,max_col_bb,centroid_row,centroid_col,major_axis_length,minor_axis_length,max_intensity,mean_intensity,min_intensity
1,113,223,163,155,178,172,170,163,17.88854381999832,15.90103925305998,179.0,139.8744394618834,83.0
2,113,45,57,227,64,234,60,230,7.542472332656507,7.542472332656507,112.0,99.28888888888889,85.0
3,113,145,134,239,147,252,140,245,13.57482456862576,13.57482456862576,123.0,89.24137931034483,64.0
4,113,275,410,256,427,277,418,266,23.255041470497016,15.184224248876692,152.0,113.29818181818182,72.0
5,113,145,206,54,219,67,212,60,13.57482456862576,13.57482456862576,139.0,89.77241379310345,62.0
6,113,145,311,547,324,560,317,553,13.57482456862576,13.57482456862576,180.0,135.60689655172413,77.0
8,113,25,436,52,441,57,438,54,5.656854249492381,5.656854249492381,120.0,103.88,83.0
