id,frame_num,area,min_row_bb,min_col_bb,max_row_bb,max_col_bb,centroid_row,centroid_col,major_axis_length,minor_axis_length,max_intensity,mean_intensity,min_intensity
1,13,249,89,77,106,94,97,85,17.809342794248536,17.809342794248536,165.0,102.6987951807229,60.0
2,13,193,71,180,86,195,78,187,15.675465136763439,15.675465136763439,179.0,112.139896373057,58.0
3,13,145,156,263,169,276,162,269,13.57482456862576,13.57482456862576,93.0,68.6,41.0
4,13,145,376,348,389,361,382,354,13.57482456862576,13.57482456862576,162.0,108.79310344827586,64.0
5,13,145,434,231,447,244,440,237,13.57482456862576,13.57482456862576,99.0,68.66206896551724,46.0
6,13,145,340,546,353,559,346,552,13.57482456862576,13.57482456862576,154.0,88.66206896551724,46.0
7,13,45,460,61,467,68,463,64,7.542472332656507,7.542472332656507,90.0,78.75555555555556,51.0
