id,frame_num,area,min_row_bb,min_col_bb,max_row_bb,max_col_bb,centroid_row,centroid_col,major_axis_length,minor_axis_length,max_intensity,mean_intensity,min_intensity
1,47,373,110,98,131,119,120,108,21.79111164940628,21.79111164940628,132.0,88.59517426273459,52.0
2,47,193,68,201,83,216,75,208,15.675465136763439,15.675465136763439,169.0,124.02590673575129,88.0
3,47,145,152,244,165,257,158,250,13.57482456862576,13.57482456862576,113.0,64.72413793103448,42.0
4,47,168,421,379,435,393,427,386,14.944341180973263,14.310296310659197,172.0,106.46428571428571,60.0
5,47,145,318,158,331,171,324,164,13.57482456862576,13.57482456862576,127.0,96.58620689655173,83.0
6,47,145,372,619,385,632,378,625,13.57482456862576,13.57482456862576,129.0,81.71724137931035,48.0
