id,frame_num,area,min_row_bb,min_col_bb,max_row_bb,max_col_bb,centroid_row,centroid_col,major_axis_length,minor_axis_length,max_intensity,mean_intensity,min_intensity
1,88,450,119,155,146,176,132,165,29.34749091038165,19.577786277735065,102.0,86.77777777777777,61.0
2,88,25,52,194,57,199,54,196,5.656854249492381,5.656854249492381,135.0,115.2,95.0
3,88,145,175,260,188,273,181,266,13.57482456862576,13.57482456862576,127.0,79.71724137931035,48.0
4,88,145,324,280,337,293,330,286,13.57482456862576,13.57482456862576,149.0,106.11724137931034,90.0
5,88,145,207,90,220,103,213,96,13.57482456862576,13.57482456862576,123.0,104.97931034482758,73.0
6,88,145,406,552,419,565,412,558,13.57482456862576,13.57482456862576,90.0,67.15172413793104,46.0
8,88,25,402,97,407,102,404,99,5.656854249492381,5.656854249492381,109.0,87.12,68.0
