id,frame_num,area,min_row_bb,min_col_bb,max_row_bb,max_col_bb,centroid_row,centroid_col,major_axis_length,minor_axis_length,max_intensity,mean_intensity,min_intensity
1,50,373,110,98,131,119,120,108,21.79111164940628,21.79111164940628,113.0,78.27882037533512,47.0
2,50,193,69,206,84,221,76,213,15.675465136763439,15.675465136763439,145.0,92.32124352331606,59.0
3,50,145,157,244,170,257,163,250,13.57482456862576,13.57482456862576,105.0,69.17241379310344,45.0
4,50,145,425,408,438,421,431,414,13.57482456862576,13.57482456862576,161.0,119.29655172413793,64.0
5,50,145,311,151,324,164,317,157,13.57482456862576,13.57482456862576,139.0,103.79310344827586,86.0
6,50,145,345,626,358,639,351,632,13.57482456862576,13.57482456862576,167.0,104.43448275862069,43.0
