id,frame_num,area,min_row_bb,min_col_bb,max_row_bb,max_col_bb,centroid_row,centroid_col,major_axis_length,minor_axis_length,max_intensity,mean_intensity,min_intensity
1,52,373,110,98,131,119,120,108,21.79111164940628,21.79111164940628,140.0,85.60321715817695,45.0
2,52,193,67,210,82,225,74,217,15.675465136763439,15.675465136763439,107.0,66.66839378238342,43.0
3,52,145,158,240,171,253,164,246,13.57482456862576,13.57482456862576,120.0,73.33103448275862,44.0
4,52,164,416,415,430,429,422,422,15.093206354144254,13.81056506146918,177.0,85.23170731707317,52.0
5,52,145,311,138,324,151,317,144,13.57482456862576,13.57482456862576,174.0,120.96551724137932,88.0
6,52,145,342,621,355,634,348,627,13.57482456862576,13.57482456862576,177.0,129.61379310344827,55.0
