id,frame_num,area,min_row_bb,min_col_bb,max_row_bb,max_col_bb,centroid_row,centroid_col,major_axis_length,minor_axis_length,max_intensity,mean_intensity,min_intensity
1,11,249,91,57,108,74,99,65,17.809342794248536,17.809342794248536,125.0,96.63855421686748,69.0
2,11,193,71,180,86,195,78,187,15.675465136763439,15.675465136763439,144.0,87.60103626943005,56.0
3,11,145,156,263,169,276,162,269,13.57482456862576,13.57482456862576,104.0,56.93793103448276,35.0
4,11,145,379,348,392,361,385,354,13.57482456862576,13.57482456862576,182.0,136.99310344827586,73.0
5,11,145,440,233,453,246,446,239,13.57482456862576,13.57482456862576,119.0,80.84137931034483,48.0
6,11,248,339,545,354,565,346,555,21.405907229514252,14.86723021361456,122.0,102.96370967741936,77.0
7,11,45,464,59,471,66,467,62,7.542472332656507,7.542472332656507,87.0,71.62222222222222,45.0
