id,frame_num,area,min_row_bb,min_col_bb,max_row_bb,max_col_bb,centroid_row,centroid_col,major_axis_length,minor_axis_length,max_intensity,mean_intensity,min_intensity
1,110,403,135,156,162,175,148,165,29.541390434988823,17.607782552121385,182.0,113.712158808933,61.0
2,110,45,60,217,67,224,63,220,7.542472332656507,7.542472332656507,103.0,93.95555555555555,86.0
3,110,145,138,242,151,255,144,248,13.57482456862576,13.57482456862576,121.0,83.31724137931035,51.0
4,110,171,388,282,401,297,394,289,15.788070113054884,13.795498884552316,158.0,127.7719298245614,92.0
5,110,145,210,56,223,69,216,62,13.57482456862576,13.57482456862576,125.0,89.57931034482759,62.0
6,110,158,340,549,354,562,346,555,14.677977993398258,13.694681588027827,136.0,104.64556962025317,65.0
8,110,30,443,66,448,72,445,68,6.831300510639732,5.656854249492381,64.0,50.96666666666667,41.0
