id,frame_num,area,min_row_bb,min_col_bb,max_row_bb,max_col_bb,centroid_row,centroid_col,major_axis_length,minor_axis_length,max_intensity,mean_intensity,min_intensity
1,66,249,118,119,135,136,126,127,17.809342794248536,17.809342794248536,151.0,96.14056224899599,61.0
2,66,208,51,220,67,235,58,227,16.779107888635245,15.796786430741587,154.0,87.0576923076923,53.0
3,66,145,160,261,173,274,166,267,13.57482456862576,13.57482456862576,113.0,69.57931034482759,48.0
4,66,171,356,371,371,384,363,377,15.788070113054884,13.795498884552316,177.0,124.11695906432749,72.0
5,66,145,263,145,276,158,269,151,13.57482456862576,13.57482456862576,134.0,98.8344827586207,65.0
6,66,145,347,590,360,603,353,596,13.57482456862576,13.57482456862576,151.0,95.95862068965518,51.0
8,66,25,449,118,454,123,451,120,5.656854249492381,5.656854249492381,96.0,85.68,77.0
