id,frame_num,area,min_row_bb,min_col_bb,max_row_bb,max_col_bb,centroid_row,centroid_col,major_axis_length,minor_axis_length,max_intensity,mean_intensity,min_intensity
1,69,249,119,123,136,140,127,131,17.809342794248536,17.809342794248536,140.0,91.35742971887551,59.0
2,69,193,47,218,62,233,54,225,15.675465136763439,15.675465136763439,135.0,81.22279792746114,53.0
3,69,145,166,264,179,277,172,270,13.57482456862576,13.57482456862576,77.0,54.234482758620686,35.0
4,69,145,367,373,380,386,373,379,13.57482456862576,13.57482456862576,122.0,80.84137931034483,54.0
5,69,145,260,151,273,164,266,157,13.57482456862576,13.57482456862576,116.0,84.71034482758621,53.0
6,69,171,348,575,361,590,354,582,15.788070113054884,13.795498884552316,140.0,102.05263157894737,60.0
8,69,30,432,127,438,132,434,129,6.831300510639732,5.656854249492381,117.0,103.76666666666667,93.0
