id,frame_num,area,min_row_bb,min_col_bb,max_row_bb,max_col_bb,centroid_row,centroid_col,major_axis_length,minor_axis_length,max_intensity,mean_intensity,min_intensity
1,12,249,91,57,108,74,99,65,17.809342794248536,17.809342794248536,127.0,92.5582329317269,73.0
2,12,193,71,180,86,195,78,187,15.675465136763439,15.675465136763439,168.0,100.86528497409327,56.0
3,12,145,156,263,169,276,162,269,13.57482456862576,13.57482456862576,90.0,61.33793103448276,34.0
4,12,145,376,348,389,361,382,354,13.57482456862576,13.57482456862576,180.0,122.15172413793104,74.0
5,12,145,438,231,451,244,444,237,13.57482456862576,13.57482456862576,104.0,69.2551724137931,45.0
6,12,145,341,545,354,558,347,551,13.57482456862576,13.57482456862576,115.0,96.12413793103448,64.0
7,12,45,463,59,470,66,466,62,7.542472332656507,7.542472332656507,90.0,76.06666666666666,51.0
