id,frame_num,area,min_row_bb,min_col_bb,max_row_bb,max_col_bb,centroid_row,centroid_col,major_axis_length,minor_axis_length,max_intensity,mean_intensity,min_intensity
1,60,249,118,119,135,136,126,127,17.809342794248536,17.809342794248536,123.0,79.79919678714859,51.0
2,60,193,68,215,83,230,75,222,15.675465136763439,15.675465136763439,159.0,81.21243523316062,52.0
3,60,145,156,256,169,269,162,262,13.57482456862576,13.57482456862576,95.0,57.206896551724135,33.0
4,60,177,364,419,378,434,371,426,15.898178224211467,14.156161081366475,161.0,89.67796610169492,52.0
5,60,145,276,140,289,153,282,146,13.57482456862576,13.57482456862576,165.0,115.09655172413792,65.0
6,60,145,346,612,359,625,352,618,13.57482456862576,13.57482456862576,147.0,112.1655172413793,61.0
8,60,25,462,96,467,101,464,98,5.656854249492381,5.656854249492381,94.0,88.16,78.0
