id,frame_num,area,min_row_bb,min_col_bb,max_row_bb,max_col_bb,centroid_row,centroid_col,major_axis_length,minor_axis_length,max_intensity,mean_intensity,min_intensity
1,40,889,83,81,116,114,99,97,33.64286729286075,33.64286729286075,145.0,86.98200224971879,36.0
2,40,193,71,187,86,202,78,194,15.675465136763439,15.675465136763439,159.0,100.0,67.0
3,40,145,141,246,154,259,147,252,13.57482456862576,13.57482456862576,135.0,76.06206896551724,46.0
4,40,145,415,360,428,373,421,366,13.57482456862576,13.57482456862576,180.0,106.82068965517242,54.0
5,40,171,342,182,355,197,348,189,15.788070113054884,13.795498884552316,126.0,98.51461988304094,84.0
6,40,145,352,591,365,604,358,597,13.57482456862576,13.57482456862576,138.0,108.97241379310344,75.0
