id,frame_num,area,min_row_bb,min_col_bb,max_row_bb,max_col_bb,centroid_row,centroid_col,major_axis_length,minor_axis_length,max_intensity,mean_intensity,min_intensity
1,20,640,93,50,113,86,103,68,38.6364595297283,21.333891640009497,127.0,82.575,49.0
2,20,314,78,186,99,205,88,195,23.3522346524201,17.16278901952073,137.0,102.14331210191082,40.0
3,20,145,156,264,169,277,162,270,13.57482456862576,13.57482456862576,92.0,61.62068965517241,35.0
4,20,158,380,376,393,390,386,382,14.677977993398258,13.694681588027827,120.0,79.92405063291139,55.0
5,20,145,417,208,430,221,423,214,13.57482456862576,13.57482456862576,156.0,101.10344827586206,59.0
6,20,171,323,588,338,601,330,594,15.788070113054884,13.795498884552316,169.0,109.32163742690058,46.0
7,20,25,458,51,463,56,460,53,5.656854249492381,5.656854249492381,140.0,98.04,78.0
