id,frame_num,area,min_row_bb,min_col_bb,max_row_bb,max_col_bb,centroid_row,centroid_col,major_axis_length,minor_axis_length,max_intensity,mean_intensity,min_intensity
1,80,249,115,138,132,155,123,146,17.809342794248536,17.809342794248536,179.0,103.1285140562249,60.0
2,80,25,54,190,59,195,56,192,5.656854249492381,5.656854249492381,175.0,158.6,128.0
3,80,145,175,269,188,282,181,275,13.57482456862576,13.57482456862576,82.0,44.83448275862069,28.0
4,80,168,353,320,367,334,360,327,14.944341180973263,14.310296310659197,172.0,127.14285714285714,92.0
5,80,145,220,110,233,123,226,116,13.57482456862576,13.57482456862576,170.0,98.91724137931034,60.0
6,80,252,380,532,396,552,388,542,21.779783548973093,14.80117019161358,150.0,112.28968253968254,70.0
8,80,25,396,128,401,133,398,130,5.656854249492381,5.656854249492381,162.0,104.16,85.0
