id,frame_num,area,min_row_bb,min_col_bb,max_row_bb,max_col_bb,centroid_row,centroid_col,major_axis_length,minor_axis_length,max_intensity,mean_intensity,min_intensity
1,28,577,84,94,109,123,96,109,32.26780967631953,22.9227745157281,184.0,122.72790294627383,59.0
2,28,193,79,187,94,202,86,194,15.675465136763439,15.675465136763439,123.0,78.70984455958549,54.0
3,28,145,150,257,163,270,156,263,13.57482456862576,13.57482456862576,82.0,54.49655172413793,30.0
4,28,158,415,401,429,414,422,407,14.677977993398258,13.694681588027827,165.0,95.4113924050633,50.0
5,28,171,385,194,400,207,392,200,15.788070113054884,13.795498884552316,171.0,110.04093567251462,55.0
6,28,145,331,565,344,578,337,571,13.57482456862576,13.57482456862576,183.0,121.93793103448276,62.0
