id,frame_num,area,min_row_bb,min_col_bb,max_row_bb,max_col_bb,centroid_row,centroid_col,major_axis_length,minor_axis_length,max_intensity,mean_intensity,min_intensity
1,49,373,110,98,131,119,120,108,21.79111164940628,21.79111164940628,106.0,79.08847184986595,42.0
2,49,193,69,206,84,221,76,213,15.675465136763439,15.675465136763439,112.0,73.79792746113989,45.0
3,49,145,152,244,165,257,158,250,13.57482456862576,13.57482456862576,127.0,72.37241379310345,43.0
4,49,158,426,407,439,421,432,414,14.677977993398258,13.694681588027827,141.0,111.99367088607595,85.0
5,49,168,312,154,326,168,319,160,14.944341180973263,14.310296310659197,143.0,106.99404761904762,87.0
6,49,145,350,625,363,638,356,631,13.57482456862576,13.57482456862576,167.0,104.95862068965518,52.0
