id,frame_num,area,min_row_bb,min_col_bb,max_row_bb,max_col_bb,centroid_row,centroid_col,major_axis_length,minor_axis_length,max_intensity,mean_intensity,min_intensity
1,64,249,118,119,135,136,126,127,17.809342794248536,17.809342794248536,146.0,111.13253012048193,65.0
2,64,193,58,218,73,233,65,225,15.675465136763439,15.675465136763439,116.0,79.91709844559585,55.0
3,64,145,157,256,170,269,163,262,13.57482456862576,13.57482456862576,78.0,54.317241379310346,38.0
4,64,197,343,397,356,414,349,405,18.02423636237332,13.955694942201802,172.0,98.1269035532995,49.0
5,64,145,263,140,276,153,269,146,13.57482456862576,13.57482456862576,154.0,110.02068965517242,78.0
6,64,158,347,595,360,609,353,602,14.677977993398258,13.694681588027827,170.0,115.69620253164557,47.0
8,64,25,453,103,458,108,455,105,5.656854249492381,5.656854249492381,94.0,89.76,83.0
