id,frame_num,area,min_row_bb,min_col_bb,max_row_bb,max_col_bb,centroid_row,centroid_col,major_axis_length,minor_axis_length,max_intensity,mean_intensity,min_intensity
1,22,431,92,71,112,97,101,83,28.022880428553393,19.68735100671892,182.0,115.90719257540603,62.0
2,22,223,86,183,103,198,94,190,17.88854381999832,15.90103925305998,147.0,87.85201793721973,34.0
3,22,145,152,260,165,273,158,266,13.57482456862576,13.57482456862576,118.0,66.53793103448275,45.0
4,22,145,380,386,393,399,386,392,13.57482456862576,13.57482456862576,105.0,74.1103448275862,45.0
5,22,145,417,207,430,220,423,213,13.57482456862576,13.57482456862576,121.0,88.54482758620689,63.0
6,22,232,307,584,323,602,314,593,19.717216791829976,15.016403057820382,171.0,106.24137931034483,55.0
7,22,25,465,48,470,53,467,50,5.656854249492381,5.656854249492381,133.0,110.68,92.0
