id,frame_num,area,min_row_bb,min_col_bb,max_row_bb,max_col_bb,centroid_row,centroid_col,major_axis_length,minor_axis_length,max_intensity,mean_intensity,min_intensity
1,82,912,105,135,143,166,123,152,38.650444586639885,30.96500131663435,125.0,85.73245614035088,37.0
2,82,25,54,194,59,199,56,196,5.656854249492381,5.656854249492381,173.0,165.04,151.0
3,82,145,175,269,188,282,181,275,13.57482456862576,13.57482456862576,110.0,55.07586206896552,33.0
4,82,145,343,327,356,340,349,333,13.57482456862576,13.57482456862576,103.0,88.33793103448276,77.0
5,82,145,217,107,230,120,223,113,13.57482456862576,13.57482456862576,169.0,101.86896551724138,54.0
6,82,145,400,530,413,543,406,536,13.57482456862576,13.57482456862576,172.0,115.77241379310345,53.0
8,82,25,393,128,398,133,395,130,5.656854249492381,5.656854249492381,130.0,94.44,78.0
