id,frame_num,area,min_row_bb,min_col_bb,max_row_bb,max_col_bb,centroid_row,centroid_col,major_axis_length,minor_axis_length,max_intensity,mean_intensity,min_intensity
1,112,193,163,152,178,167,170,159,15.675465136763439,15.675465136763439,179.0,127.3160621761658,68.0
2,112,45,57,227,64,234,60,230,7.542472332656507,7.542472332656507,101.0,91.4888888888889,83.0
3,112,145,137,242,150,255,143,248,13.57482456862576,13.57482456862576,112.0,83.37931034482759,59.0
4,112,164,395,260,409,274,402,266,15.093206354144254,13.81056506146918,119.0,86.95731707317073,57.0
5,112,158,205,55,218,69,211,62,14.677977993398258,13.694681588027827,171.0,97.56962025316456,66.0
6,112,171,334,549,349,562,341,555,15.788070113054884,13.795498884552316,114.0,68.98245614035088,39.0
8,112,25,442,55,447,60,444,57,5.656854249492381,5.656854249492381,125.0,95.36,67.0
