id,frame_num,area,min_row_bb,min_col_bb,max_row_bb,max_col_bb,centroid_row,centroid_col,major_axis_length,minor_axis_length,max_intensity,mean_intensity,min_intensity
1,17,249,92,58,109,75,100,66,17.809342794248536,17.809342794248536,138.0,93.09638554216868,60.0
2,17,298,74,188,96,203,84,195,23.49639412575367,16.25963833934121,127.0,101.80536912751678,56.0
3,17,145,156,263,169,276,162,269,13.57482456862576,13.57482456862576,118.0,64.20689655172414,41.0
4,17,145,370,348,383,361,376,354,13.57482456862576,13.57482456862576,107.0,73.35862068965517,52.0
5,17,145,417,222,430,235,423,228,13.57482456862576,13.57482456862576,112.0,86.02068965517242,57.0
6,17,158,343,576,357,589,350,582,14.677977993398258,13.694681588027827,135.0,74.71518987341773,47.0
7,17,25,451,51,456,56,453,53,5.656854249492381,5.656854249492381,97.0,82.12,58.0
