id,frame_num,area,min_row_bb,min_col_bb,max_row_bb,max_col_bb,centroid_row,centroid_col,major_axis_length,minor_axis_length,max_intensity,mean_intensity,min_intensity
1,63,249,118,119,135,136,126,127,17.809342794248536,17.809342794248536,150.0,110.99196787148594,68.0
2,63,193,61,217,76,232,68,224,15.675465136763439,15.675465136763439,115.0,79.13471502590673,53.0
3,63,145,156,256,169,269,162,262,13.57482456862576,13.57482456862576,84.0,54.682758620689654,36.0
4,63,145,350,404,363,417,356,410,13.57482456862576,13.57482456862576,134.0,82.3103448275862,53.0
5,63,145,263,139,276,152,269,145,13.57482456862576,13.57482456862576,165.0,116.35172413793103,76.0
6,63,210,346,607,359,625,352,616,19.148542155126762,14.020393310154626,150.0,88.54285714285714,48.0
8,63,25,454,99,459,104,456,101,5.656854249492381,5.656854249492381,96.0,91.08,88.0
