id,frame_num,area,min_row_bb,min_col_bb,max_row_bb,max_col_bb,centroid_row,centroid_col,major_axis_length,minor_axis_length,max_intensity,mean_intensity,min_intensity
1,29,487,86,92,111,116,97,104,28.371477651161666,22.30537863502426,182.0,122.08008213552361,64.0
2,29,193,80,180,95,195,87,187,15.675465136763439,15.675465136763439,149.0,86.10362694300518,52.0
3,29,145,150,257,163,270,156,263,13.57482456862576,13.57482456862576,94.0,53.820689655172416,28.0
4,29,158,421,401,435,414,428,407,14.677977993398258,13.694681588027827,143.0,109.03164556962025,69.0
5,29,158,379,193,393,206,386,199,14.677977993398258,13.694681588027827,151.0,104.67088607594937,66.0
6,29,145,331,565,344,578,337,571,13.57482456862576,13.57482456862576,181.0,131.78620689655173,82.0
