id,frame_num,area,min_row_bb,min_col_bb,max_row_bb,max_col_bb,centroid_row,centroid_col,major_axis_length,minor_axis_length,max_intensity,mean_intensity,min_intensity
1,90,529,117,169,150,187,133,177,35.65301743451328,19.09648431678196,101.0,88.6710775047259,81.0
2,90,25,51,187,56,192,53,189,5.656854249492381,5.656854249492381,129.0,113.32,95.0
3,90,158,171,258,185,271,178,264,14.677977993398258,13.694681588027827,127.0,69.82278481012658,48.0
4,90,222,315,280,333,295,323,287,19.266895781658217,14.66984621060726,164.0,125.22522522522523,75.0
5,90,158,201,91,214,105,207,98,14.677977993398258,13.694681588027827,125.0,95.18987341772151,65.0
6,90,145,394,547,407,560,400,553,13.57482456862576,13.57482456862576,122.0,71.53103448275863,46.0
8,90,25,396,96,401,101,398,98,5.656854249492381,5.656854249492381,122.0,97.12,71.0
