id,frame_num,area,min_row_bb,min_col_bb,max_row_bb,max_col_bb,centroid_row,centroid_col,major_axis_length,minor_axis_length,max_intensity,mean_intensity,min_intensity
1,18,598,94,51,112,88,103,69,40.3819636462209,19.20901319203001,159.0,94.77759197324414,61.0
2,18,294,74,190,95,206,84,198,22.44318319725552,16.80544049161024,128.0,107.24489795918367,54.0
3,18,145,156,263,169,276,162,269,13.57482456862576,13.57482456862576,89.0,58.15862068965517,38.0
4,18,145,370,348,383,361,376,354,13.57482456862576,13.57482456862576,131.0,88.15862068965517,54.0
5,18,145,417,217,430,230,423,223,13.57482456862576,13.57482456862576,119.0,80.87586206896552,57.0
6,18,145,346,582,359,595,352,588,13.57482456862576,13.57482456862576,163.0,84.1103448275862,47.0
7,18,25,454,52,459,57,456,54,5.656854249492381,5.656854249492381,94.0,81.72,68.0
