id,frame_num,area,min_row_bb,min_col_bb,max_row_bb,max_col_bb,centroid_row,centroid_col,major_axis_length,minor_axis_length,max_intensity,mean_intensity,min_intensity
1,2,249,95,66,112,83,103,74,17.809342794248536,17.809342794248536,126.0,100.01204819277109,77.0
2,2,193,64,166,79,181,71,173,15.675465136763439,15.675465136763439,164.0,77.70984455958549,51.0
3,2,145,163,266,176,279,169,272,13.57482456862576,13.57482456862576,84.0,61.8,31.0
4,2,158,364,361,378,374,370,367,14.677977993398258,13.694681588027827,179.0,106.79113924050633,69.0
5,2,158,422,239,435,253,428,246,14.677977993398258,13.694681588027827,165.0,121.22151898734177,81.0
6,2,145,325,513,338,526,331,519,13.57482456862576,13.57482456862576,152.0,93.82068965517242,69.0
