id,frame_num,area,min_row_bb,min_col_bb,max_row_bb,max_col_bb,centroid_row,centroid_col,major_axis_length,minor_axis_length,max_intensity,mean_intensity,min_intensity
1,31,374,90,99,111,121,100,109,24.481761915677307,19.495126561750926,179.0,111.7620320855615,59.0
2,31,193,79,180,94,195,86,187,15.675465136763439,15.675465136763439,150.0,82.51813471502591,49.0
3,31,145,145,257,158,270,151,263,13.57482456862576,13.57482456862576,77.0,50.66206896551724,30.0
4,31,145,424,401,437,414,430,407,13.57482456862576,13.57482456862576,111.0,71.62758620689655,44.0
5,31,171,364,193,379,206,371,199,15.788070113054884,13.795498884552316,163.0,107.57894736842105,78.0
6,31,145,331,565,344,578,337,571,13.57482456862576,13.57482456862576,170.0,123.93793103448276,69.0
