id,frame_num,area,min_row_bb,min_col_bb,max_row_bb,max_col_bb,centroid_row,centroid_col,major_axis_length,minor_axis_length,max_intensity,mean_intensity,min_intensity
1,38,936,86,92,120,124,102,108,37.27446421260327,32.29578099116557,154.0,91.44764957264957,43.0
2,38,193,73,187,88,202,80,194,15.675465136763439,15.675465136763439,154.0,94.66839378238342,69.0
3,38,145,141,257,154,270,147,263,13.57482456862576,13.57482456862576,108.0,82.53103448275863,60.0
4,38,145,427,358,440,371,433,364,13.57482456862576,13.57482456862576,179.0,105.26896551724138,56.0
5,38,145,345,190,358,203,351,196,13.57482456862576,13.57482456862576,135.0,106.4,82.0
6,38,197,353,581,366,598,359,589,18.02423636237332,13.955694942201802,121.0,107.36548223350253,81.0
