id,frame_num,area,min_row_bb,min_col_bb,max_row_bb,max_col_bb,centroid_row,centroid_col,major_axis_length,minor_axis_length,max_intensity,mean_intensity,min_intensity
1,76,249,115,136,132,153,123,144,17.809342794248536,17.809342794248536,118.0,86.08835341365462,49.0
2,76,25,53,191,58,196,55,193,5.656854249492381,5.656854249492381,174.0,160.24,127.0
3,76,145,175,269,188,282,181,275,13.57482456862576,13.57482456862576,118.0,68.02068965517242,34.0
4,76,171,386,316,401,329,393,322,15.788070113054884,13.795498884552316,170.0,134.53216374269005,87.0
5,76,145,234,117,247,130,240,123,13.57482456862576,13.57482456862576,156.0,105.44827586206897,61.0
6,76,158,359,567,372,581,365,574,14.677977993398258,13.694681588027827,121.0,69.24050632911393,43.0
8,76,25,403,133,408,138,405,135,5.656854249492381,5.656854249492381,105.0,95.68,85.0
