id,frame_num,area,min_row_bb,min_col_bb,max_row_bb,max_col_bb,centroid_row,centroid_col,major_axis_length,minor_axis_length,max_intensity,mean_intensity,min_intensity
1,93,559,130,176,163,195,146,185,35.932399066881125,20.205501151736716,105.0,91.72808586762075,84.0
2,93,25,53,199,58,204,55,201,5.656854249492381,5.656854249492381,106.0,81.56,69.0
3,93,145,169,259,182,272,175,265,13.57482456862576,13.57482456862576,131.0,80.30344827586207,56.0
4,93,278,291,293,311,312,300,302,23.490683087372318,15.11921577948016,180.0,118.64388489208633,79.0
5,93,158,211,73,225,86,218,79,14.677977993398258,13.694681588027827,99.0,65.79746835443038,38.0
6,93,145,399,549,412,562,405,555,13.57482456862576,13.57482456862576,105.0,70.52413793103449,47.0
8,93,25,401,94,406,99,403,96,5.656854249492381,5.656854249492381,101.0,79.68,65.0
