id,frame_num,area,min_row_bb,min_col_bb,max_row_bb,max_col_bb,centroid_row,centroid_col,major_axis_length,minor_axis_length,max_intensity,mean_intensity,min_intensity
1,61,249,118,119,135,136,126,127,17.809342794248536,17.809342794248536,130.0,94.80722891566265,61.0
2,61,208,67,215,82,231,74,222,16.779107888635245,15.796786430741587,156.0,79.33173076923077,50.0
3,61,145,156,256,169,269,162,262,13.57482456862576,13.57482456862576,96.0,57.04137931034483,35.0
4,61,203,360,406,374,423,367,414,17.974165833334354,14.399012337356611,166.0,95.22167487684729,54.0
5,61,145,267,137,280,150,273,143,13.57482456862576,13.57482456862576,171.0,111.55862068965517,88.0
6,61,145,346,612,359,625,352,618,13.57482456862576,13.57482456862576,135.0,100.44827586206897,60.0
8,61,25,455,94,460,99,457,96,5.656854249492381,5.656854249492381,98.0,87.96,65.0
