id,frame_num,area,min_row_bb,min_col_bb,max_row_bb,max_col_bb,centroid_row,centroid_col,major_axis_length,minor_axis_length,max_intensity,mean_intensity,min_intensity
1,95,436,137,177,165,194,150,185,30.148866121968286,18.59663578138049,130.0,95.6743119266055,82.0
2,95,25,54,201,59,206,56,203,5.656854249492381,5.656854249492381,110.0,92.48,80.0
3,95,145,162,258,175,271,168,264,13.57482456862576,13.57482456862576,141.0,79.77931034482759,50.0
4,95,188,311,256,326,271,318,263,16.46143138989606,14.537848076965105,179.0,117.75,82.0
5,95,145,201,58,214,71,207,64,13.57482456862576,13.57482456862576,128.0,99.42758620689655,61.0
6,95,145,406,549,419,562,412,555,13.57482456862576,13.57482456862576,109.0,69.1655172413793,51.0
8,95,25,406,87,411,92,408,89,5.656854249492381,5.656854249492381,118.0,91.04,68.0
