id,frame_num,area,min_row_bb,min_col_bb,max_row_bb,max_col_bb,centroid_row,centroid_col,major_axis_length,minor_axis_length,max_intensity,mean_intensity,min_intensity
1,59,249,118,119,135,136,126,127,17.809342794248536,17.809342794248536,120.0,84.61044176706827,59.0
2,59,193,70,215,85,230,77,222,15.675465136763439,15.675465136763439,157.0,97.01554404145078,62.0
3,59,145,163,252,176,265,169,258,13.57482456862576,13.57482456862576,74.0,42.38620689655173,28.0
4,59,145,370,425,383,438,376,431,13.57482456862576,13.57482456862576,161.0,92.43448275862069,51.0
5,59,158,281,141,294,155,287,148,14.677977993398258,13.694681588027827,160.0,109.4873417721519,71.0
6,59,145,346,612,359,625,352,618,13.57482456862576,13.57482456862576,142.0,111.75862068965517,59.0
8,59,25,463,93,468,98,465,95,5.656854249492381,5.656854249492381,101.0,92.16,73.0
