id,frame_num,area,min_row_bb,min_col_bb,max_row_bb,max_col_bb,centroid_row,centroid_col,major_axis_length,minor_axis_length,max_intensity,mean_intensity,min_intensity
1,42,373,93,93,114,114,103,103,21.79111164940628,21.79111164940628,151.0,79.28418230563003,37.0
2,42,193,71,182,86,197,78,189,15.675465136763439,15.675465136763439,158.0,102.78238341968913,62.0
3,42,145,141,246,154,259,147,252,13.57482456862576,13.57482456862576,170.0,127.44137931034483,68.0
4,42,145,415,360,428,373,421,366,13.57482456862576,13.57482456862576,175.0,105.57241379310345,65.0
5,42,181,336,175,351,189,343,182,15.8591424792612,14.540271681028651,117.0,97.28729281767956,70.0
6,42,171,358,603,371,618,364,610,15.788070113054884,13.795498884552316,144.0,110.48538011695906,87.0
