id,frame_num,area,min_row_bb,min_col_bb,max_row_bb,max_col_bb,centroid_row,centroid_col,major_axis_length,minor_axis_length,max_intensity,mean_intensity,min_intensity
1,62,249,118,119,135,136,126,127,17.809342794248536,17.809342794248536,132.0,99.73895582329317,68.0
2,62,193,67,216,82,231,74,223,15.675465136763439,15.675465136763439,125.0,68.33678756476684,44.0
3,62,145,156,256,169,269,162,262,13.57482456862576,13.57482456862576,82.0,53.98620689655172,33.0
4,62,145,357,402,370,415,363,408,13.57482456862576,13.57482456862576,177.0,115.37241379310345,65.0
5,62,168,266,138,280,152,272,144,14.944341180973263,14.310296310659197,169.0,118.77380952380952,75.0
6,62,145,346,612,359,625,352,618,13.57482456862576,13.57482456862576,139.0,96.9103448275862,53.0
8,62,25,455,91,460,96,457,93,5.656854249492381,5.656854249492381,95.0,79.72,63.0
