id,frame_num,area,min_row_bb,min_col_bb,max_row_bb,max_col_bb,centroid_row,centroid_col,major_axis_length,minor_axis_length,max_intensity,mean_intensity,min_intensity
1,65,249,118,119,135,136,126,127,17.809342794248536,17.809342794248536,131.0,102.00401606425703,52.0
2,65,208,53,219,68,235,60,226,16.779107888635245,15.796786430741587,148.0,79.00961538461539,53.0
3,65,145,158,256,171,269,164,262,13.57482456862576,13.57482456862576,84.0,51.98620689655172,34.0
4,65,229,342,379,360,395,351,387,19.72383236815859,14.784468634289333,183.0,137.17903930131004,56.0
5,65,158,263,143,276,157,269,150,14.677977993398258,13.694681588027827,135.0,96.89873417721519,54.0
6,65,145,347,592,360,605,353,598,13.57482456862576,13.57482456862576,171.0,114.02758620689656,59.0
8,65,25,453,109,458,114,455,111,5.656854249492381,5.656854249492381,101.0,94.52,89.0
