id,frame_num,area,min_row_bb,min_col_bb,max_row_bb,max_col_bb,centroid_row,centroid_col,major_axis_length,minor_axis_length,max_intensity,mean_intensity,min_intensity
1,32,249,90,100,107,117,98,108,17.809342794248536,17.809342794248536,174.0,102.14859437751004,61.0
2,32,193,79,180,94,195,86,187,15.675465136763439,15.675465136763439,141.0,78.34196891191709,49.0
3,32,145,145,257,158,270,151,263,13.57482456862576,13.57482456862576,80.0,54.2,37.0
4,32,158,428,394,441,408,434,400,14.677977993398258,13.694681588027827,164.0,84.0506329113924,48.0
5,32,178,358,189,373,203,365,196,15.8535605890626,14.279375746337825,162.0,125.17415730337079,86.0
6,32,145,331,565,344,578,337,571,13.57482456862576,13.57482456862576,154.0,103.2,60.0
