id,frame_num,area,min_row_bb,min_col_bb,max_row_bb,max_col_bb,centroid_row,centroid_col,major_axis_length,minor_axis_length,max_intensity,mean_intensity,min_intensity
1,25,521,87,93,110,121,98,106,30.75759716743403,21.758414203593247,184.0,126.85412667946257,58.0
2,25,193,92,181,107,196,99,188,15.675465136763439,15.675465136763439,119.0,53.829015544041454,38.0
3,25,145,150,257,163,270,156,263,13.57482456862576,13.57482456862576,97.0,66.57241379310345,41.0
4,25,145,410,397,423,410,416,403,13.57482456862576,13.57482456862576,141.0,98.36551724137931,65.0
5,25,168,413,199,427,213,419,206,14.944341180973263,14.310296310659197,152.0,94.48214285714286,65.0
6,25,171,317,565,332,578,324,571,15.788070113054884,13.795498884552316,174.0,107.42105263157895,57.0
