id,frame_num,area,min_row_bb,min_col_bb,max_row_bb,max_col_bb,centroid_row,centroid_col,major_axis_length,minor_axis_length,max_intensity,mean_intensity,min_intensity
1,104,385,125,167,152,184,138,175,29.09002232491149,16.997389767841597,115.0,72.43896103896104,39.0
2,104,45,57,209,64,216,60,212,7.542472332656507,7.542472332656507,107.0,97.4,87.0
3,104,145,147,256,160,269,153,262,13.57482456862576,13.57482456862576,176.0,106.10344827586206,68.0
4,104,158,353,266,367,279,360,272,14.677977993398258,13.694681588027827,151.0,110.38607594936708,68.0
5,104,145,214,55,227,68,220,61,13.57482456862576,13.57482456862576,125.0,91.76551724137931,61.0
6,104,145,363,539,376,552,369,545,13.57482456862576,13.57482456862576,141.0,86.78620689655172,56.0
8,104,25,434,69,439,74,436,71,5.656854249492381,5.656854249492381,90.0,75.52,57.0
