id,frame_num,area,min_row_bb,min_col_bb,max_row_bb,max_col_bb,centroid_row,centroid_col,major_axis_length,minor_axis_length,max_intensity,mean_intensity,min_intensity
1,101,392,119,173,144,191,131,182,26.638437785848176,18.832445962157557,122.0,84.9234693877551,46.0
2,101,25,56,207,61,212,58,209,5.656854249492381,5.656854249492381,95.0,92.64,90.0
3,101,145,157,255,170,268,163,261,13.57482456862576,13.57482456862576,96.0,65.84827586206896,41.0
4,101,145,349,265,362,278,355,271,13.57482456862576,13.57482456862576,139.0,92.4,70.0
5,101,145,207,43,220,56,213,49,13.57482456862576,13.57482456862576,153.0,97.18620689655172,62.0
6,101,168,384,543,398,557,391,550,14.944341180973263,14.310296310659197,118.0,71.67857142857143,50.0
8,101,25,425,72,430,77,427,74,5.656854249492381,5.656854249492381,106.0,86.16,66.0
