id,frame_num,area,min_row_bb,min_col_bb,max_row_bb,max_col_bb,centroid_row,centroid_col,major_axis_length,minor_axis_length,max_intensity,mean_intensity,min_intensity
1,86,632,112,151,149,173,130,162,40.68344177918122,20.098737059815143,106.0,90.74367088607595,64.0
2,86,25,56,196,61,201,58,198,5.656854249492381,5.656854249492381,169.0,118.08,64.0
3,86,145,175,263,188,276,181,269,13.57482456862576,13.57482456862576,90.0,63.55862068965517,42.0
4,86,171,327,305,340,320,333,312,15.788070113054884,13.795498884552316,176.0,137.42105263157896,87.0
5,86,145,214,100,227,113,220,106,13.57482456862576,13.57482456862576,125.0,85.66206896551724,51.0
6,86,164,413,550,427,564,420,556,15.093206354144254,13.81056506146918,101.0,64.76219512195122,46.0
8,86,25,388,112,393,117,390,114,5.656854249492381,5.656854249492381,99.0,90.96,85.0
