id,frame_num,area,min_row_bb,min_col_bb,max_row_bb,max_col_bb,centroid_row,centroid_col,major_axis_length,minor_axis_length,max_intensity,mean_intensity,min_intensity
1,41,889,83,81,116,114,99,97,33.64286729286075,33.64286729286075,159.0,85.45894263217097,32.0
2,41,193,71,187,86,202,78,194,15.675465136763439,15.675465136763439,161.0,103.48186528497409,65.0
3,41,145,141,246,154,259,147,252,13.57482456862576,13.57482456862576,135.0,81.01379310344828,44.0
4,41,145,415,360,428,373,421,366,13.57482456862576,13.57482456862576,174.0,111.13103448275862,65.0
5,41,177,339,176,354,190,346,183,15.898178224211469,14.156161081366477,120.0,99.68926553672317,59.0
6,41,207,355,594,371,610,363,601,18.01525032553446,14.628527798731792,151.0,114.91787439613526,85.0
