id,frame_num,area,min_row_bb,min_col_bb,max_row_bb,max_col_bb,centroid_row,centroid_col,major_axis_length,minor_axis_length,max_intensity,mean_intensity,min_intensity
1,6,249,94,62,111,79,102,70,17.809342794248536,17.809342794248536,125.0,93.32128514056225,58.0
2,6,193,71,179,86,194,78,186,15.675465136763439,15.675465136763439,179.0,114.34196891191709,58.0
3,6,145,158,263,171,276,164,269,13.57482456862576,13.57482456862576,74.0,53.56551724137931,28.0
4,6,145,369,349,382,362,375,355,13.57482456862576,13.57482456862576,181.0,123.92413793103448,78.0
5,6,145,424,249,437,262,430,255,13.57482456862576,13.57482456862576,161.0,101.82068965517242,62.0
6,6,171,320,517,333,532,326,524,15.788070113054884,13.795498884552316,111.0,93.6608187134503,72.0
