id,frame_num,area,min_row_bb,min_col_bb,max_row_bb,max_col_bb,centroid_row,centroid_col,major_axis_length,minor_axis_length,max_intensity,mean_intensity,min_intensity
1,77,249,115,136,132,153,123,144,17.809342794248536,17.809342794248536,143.0,90.31726907630522,55.0
2,77,25,53,191,58,196,55,193,5.656854249492381,5.656854249492381,176.0,163.88,132.0
3,77,145,175,269,188,282,181,275,13.57482456862576,13.57482456862576,105.0,57.110344827586204,32.0
4,77,184,374,314,390,327,382,320,16.903819995337816,13.881485949779044,180.0,117.29347826086956,78.0
5,77,145,221,120,234,133,227,126,13.57482456862576,13.57482456862576,161.0,115.41379310344827,85.0
6,77,210,361,558,376,575,368,566,18.23759510169962,14.645637760279623,171.0,89.12857142857143,57.0
8,77,25,402,132,407,137,404,134,5.656854249492381,5.656854249492381,166.0,126.84,91.0
