id,frame_num,area,min_row_bb,min_col_bb,max_row_bb,max_col_bb,centroid_row,centroid_col,major_axis_length,minor_axis_length,max_intensity,mean_intensity,min_intensity
1,70,249,113,139,130,156,121,147,17.809342794248536,17.809342794248536,177.0,91.5582329317269,66.0
2,70,45,53,220,60,227,56,223,7.542472332656507,7.542472332656507,73.0,59.22222222222222,45.0
3,70,145,166,264,179,277,172,270,13.57482456862576,13.57482456862576,89.0,59.186206896551724,36.0
4,70,145,393,370,406,383,399,376,13.57482456862576,13.57482456862576,148.0,106.52413793103449,67.0
5,70,145,260,151,273,164,266,157,13.57482456862576,13.57482456862576,93.0,67.81379310344828,54.0
6,70,145,348,575,361,588,354,581,13.57482456862576,13.57482456862576,112.0,75.66896551724138,49.0
8,70,25,425,128,430,133,427,130,5.656854249492381,5.656854249492381,91.0,83.92,75.0
