id,frame_num,area,min_row_bb,min_col_bb,max_row_bb,max_col_bb,centroid_row,centroid_col,major_axis_length,minor_axis_length,max_intensity,mean_intensity,min_intensity
1,55,249,118,122,135,139,126,130,17.809342794248536,17.809342794248536,177.0,115.91164658634538,69.0
2,55,193,67,210,82,225,74,217,15.675465136763439,15.675465136763439,151.0,106.41968911917098,73.0
3,55,145,158,245,171,258,164,251,13.57482456862576,13.57482456862576,76.0,50.13793103448276,31.0
4,55,158,393,420,406,434,399,426,14.677977993398258,13.694681588027827,170.0,119.45569620253164,64.0
5,55,168,306,135,320,149,313,142,14.944341180973263,14.310296310659197,139.0,108.11309523809524,49.0
6,55,145,345,613,358,626,351,619,13.57482456862576,13.57482456862576,174.0,126.4,85.0
8,55,25,467,102,472,107,469,104,5.656854249492381,5.656854249492381,80.0,62.12,51.0
