id,frame_num,area,min_row_bb,min_col_bb,max_row_bb,max_col_bb,centroid_row,centroid_col,major_axis_length,minor_axis_length,max_intensity,mean_intensity,min_intensity
1,83,486,115,142,144,163,129,152,31.467032213324956,19.80386161279485,103.0,85.46913580246914,45.0
2,83,25,52,194,57,199,54,196,5.656854249492381,5.656854249492381,175.0,158.48,121.0
3,83,145,171,268,184,281,177,274,13.57482456862576,13.57482456862576,146.0,90.81379310344828,46.0
4,83,158,344,323,358,336,350,329,14.677977993398258,13.694681588027827,135.0,95.57594936708861,76.0
5,83,145,217,95,230,108,223,101,13.57482456862576,13.57482456862576,131.0,104.51034482758621,63.0
6,83,145,407,531,420,544,413,537,13.57482456862576,13.57482456862576,182.0,122.51724137931035,55.0
8,83,25,393,128,398,133,395,130,5.656854249492381,5.656854249492381,110.0,89.28,66.0
