id,frame_num,area,min_row_bb,min_col_bb,max_row_bb,max_col_bb,centroid_row,centroid_col,major_axis_length,minor_axis_length,max_intensity,mean_intensity,min_intensity
1,58,249,118,119,135,136,126,127,17.809342794248536,17.809342794248536,142.0,98.18875502008032,56.0
2,58,220,70,213,86,229,77,221,17.019774595238538,16.47078053919267,167.0,96.39545454545454,59.0
3,58,145,164,252,177,265,170,258,13.57482456862576,13.57482456862576,71.0,44.213793103448275,29.0
4,58,145,377,425,390,438,383,431,13.57482456862576,13.57482456862576,146.0,115.45517241379311,69.0
5,58,164,291,140,305,154,298,146,15.093206354144254,13.81056506146918,131.0,82.8048780487805,50.0
6,58,145,346,612,359,625,352,618,13.57482456862576,13.57482456862576,174.0,131.0,85.0
8,58,25,461,99,466,104,463,101,5.656854249492381,5.656854249492381,82.0,70.52,59.0
