id,frame_num,area,min_row_bb,min_col_bb,max_row_bb,max_col_bb,centroid_row,centroid_col,major_axis_length,minor_axis_length,max_intensity,mean_intensity,min_intensity
1,109,437,112,163,142,181,127,172,32.50051081518261,17.32747000995966,108.0,68.73684210526316,42.0
2,109,45,60,216,67,223,63,219,7.542472332656507,7.542472332656507,100.0,93.97777777777777,80.0
3,109,145,138,242,151,255,144,248,13.57482456862576,13.57482456862576,122.0,84.42758620689655,56.0
4,109,158,364,293,377,307,370,300,14.677977993398258,13.694681588027827,148.0,107.14556962025317,77.0
5,109,145,214,59,227,72,220,65,13.57482456862576,13.57482456862576,129.0,88.35862068965517,61.0
6,109,197,344,548,361,561,352,554,18.02423636237332,13.955694942201802,136.0,93.63959390862944,49.0
8,109,25,441,65,446,70,443,67,5.656854249492381,5.656854249492381,92.0,58.56,38.0
