id,frame_num,area,min_row_bb,min_col_bb,max_row_bb,max_col_bb,centroid_row,centroid_col,major_axis_length,minor_axis_length,max_intensity,mean_intensity,min_intensity
1,0,249,103,70,120,87,111,78,17.809342794248536,17.809342794248536,116.0,91.67469879518072,69.0
2,0,193,61,160,76,175,68,167,15.675465136763439,15.675465136763439,132.0,87.09326424870466,59.0
3,0,145,167,261,180,274,173,267,13.57482456862576,13.57482456862576,82.0,58.813793103448276,42.0
4,0,145,353,359,366,372,359,365,13.57482456862576,13.57482456862576,178.0,128.81379310344826,74.0
5,0,171,418,248,431,263,424,255,15.788070113054884,13.795498884552316,115.0,78.74269005847954,52.0
6,0,145,331,513,344,526,337,519,13.57482456862576,13.57482456862576,147.0,109.39310344827587,89.0
