id,frame_num,area,min_row_bb,min_col_bb,max_row_bb,max_col_bb,centroid_row,centroid_col,major_axis_length,minor_axis_length,max_intensity,mean_intensity,min_intensity
1,57,249,118,119,135,136,126,127,17.809342794248536,17.809342794248536,151.0,97.89156626506023,63.0
2,57,193,70,213,85,228,77,220,15.675465136763439,15.675465136763439,151.0,114.06217616580311,88.0
3,57,145,158,245,171,258,164,251,13.57482456862576,13.57482456862576,98.0,52.30344827586207,30.0
4,57,145,382,424,395,437,388,430,13.57482456862576,13.57482456862576,172.0,128.44827586206895,75.0
5,57,145,293,139,306,152,299,145,13.57482456862576,13.57482456862576,161.0,96.44137931034483,54.0
6,57,158,345,612,359,625,352,618,14.677977993398258,13.694681588027827,141.0,98.20253164556962,65.0
8,57,25,464,101,469,106,466,103,5.656854249492381,5.656854249492381,83.0,60.0,40.0
