id,frame_num,area,min_row_bb,min_col_bb,max_row_bb,max_col_bb,centroid_row,centroid_col,major_axis_length,minor_axis_length,max_intensity,mean_intensity,min_intensity
1,105,478,119,164,152,182,135,172,36.01688444110118,17.167709648794016,118.0,68.61506276150628,40.0
2,105,45,57,209,64,216,60,212,7.542472332656507,7.542472332656507,106.0,90.66666666666667,71.0
3,105,145,139,245,152,258,145,251,13.57482456862576,13.57482456862576,123.0,91.27586206896552,68.0
4,105,145,354,266,367,279,360,272,13.57482456862576,13.57482456862576,152.0,106.54482758620689,72.0
5,105,145,216,58,229,71,222,64,13.57482456862576,13.57482456862576,138.0,95.19310344827586,58.0
6,105,145,363,539,376,552,369,545,13.57482456862576,13.57482456862576,117.0,70.20689655172414,45.0
8,105,25,437,69,442,74,439,71,5.656854249492381,5.656854249492381,120.0,74.72,55.0
