id,frame_num,area,min_row_bb,min_col_bb,max_row_bb,max_col_bb,centroid_row,centroid_col,major_axis_length,minor_axis_length,max_intensity,mean_intensity,min_intensity
1,75,249,115,136,132,153,123,144,17.809342794248536,17.809342794248536,134.0,81.21285140562249,48.0
3,75,145,175,269,188,282,181,275,13.57482456862576,13.57482456862576,121.0,72.07586206896552,34.0
4,75,158,391,325,404,339,397,332,14.677977993398258,13.694681588027827,177.0,127.58227848101266,72.0
5,75,397,235,131,250,161,242,145,33.51684039294631,15.65224617057124,150.0,90.33753148614609,53.0
6,75,177,360,570,374,585,367,577,15.898178224211467,14.156161081366475,89.0,53.717514124293785,33.0
8,75,25,405,137,410,142,407,139,5.656854249492381,5.656854249492381,103.0,98.56,91.0
