id,frame_num,area,min_row_bb,min_col_bb,max_row_bb,max_col_bb,centroid_row,centroid_col,major_axis_length,minor_axis_length,max_intensity,mean_intensity,min_intensity
1,51,373,110,98,131,119,120,108,21.79111164940628,21.79111164940628,123.0,86.01876675603218,45.0
2,51,193,67,210,82,225,74,217,15.675465136763439,15.675465136763439,101.0,63.10880829015544,45.0
3,51,145,157,244,170,257,163,250,13.57482456862576,13.57482456862576,94.0,59.58620689655172,37.0
4,51,158,422,409,435,423,428,416,14.677977993398258,13.694681588027827,156.0,85.71518987341773,53.0
5,51,145,311,151,324,164,317,157,13.57482456862576,13.57482456862576,152.0,109.82068965517242,63.0
6,51,145,342,621,355,634,348,627,13.57482456862576,13.57482456862576,172.0,137.93103448275863,75.0
