id,frame_num,area,min_row_bb,min_col_bb,max_row_bb,max_col_bb,centroid_row,centroid_col,major_axis_length,minor_axis_length,max_intensity,mean_intensity,min_intensity
1,23,406,87,90,109,111,97,100,23.805182093603378,21.797240811731594,183.0,143.98275862068965,79.0
2,23,264,88,181,107,197,97,189,20.176547226159514,16.735715366967298,133.0,78.80681818181819,43.0
3,23,145,152,260,165,273,158,266,13.57482456862576,13.57482456862576,115.0,66.62758620689655,38.0
4,23,145,379,391,392,404,385,397,13.57482456862576,13.57482456862576,110.0,74.43448275862069,49.0
5,23,145,417,206,430,219,423,212,13.57482456862576,13.57482456862576,139.0,89.9448275862069,61.0
6,23,158,303,575,316,589,309,582,14.677977993398258,13.694681588027827,177.0,134.45569620253164,51.0
