id,frame_num,area,min_row_bb,min_col_bb,max_row_bb,max_col_bb,centroid_row,centroid_col,major_axis_length,minor_axis_length,max_intensity,mean_intensity,min_intensity
1,4,249,97,62,114,79,105,70,17.809342794248536,17.809342794248536,119.0,93.94377510040161,58.0
2,4,193,74,180,89,195,81,187,15.675465136763439,15.675465136763439,181.0,114.05699481865285,45.0
3,4,145,163,266,176,279,169,272,13.57482456862576,13.57482456862576,105.0,62.234482758620686,37.0
4,4,145,357,360,370,373,363,366,13.57482456862576,13.57482456862576,172.0,103.75862068965517,71.0
5,4,145,418,252,431,265,424,258,13.57482456862576,13.57482456862576,134.0,90.9448275862069,65.0
6,4,145,320,514,333,527,326,520,13.57482456862576,13.57482456862576,131.0,92.77241379310345,81.0
