id,frame_num,area,min_row_bb,min_col_bb,max_row_bb,max_col_bb,centroid_row,centroid_col,major_axis_length,minor_axis_length,max_intensity,mean_intensity,min_intensity
1,79,249,115,138,132,155,123,146,17.809342794248536,17.809342794248536,161.0,101.3855421686747,55.0
2,79,25,53,190,58,195,55,192,5.656854249492381,5.656854249492381,170.0,149.04,114.0
3,79,145,175,269,188,282,181,275,13.57482456862576,13.57482456862576,82.0,48.30344827586207,27.0
4,79,204,360,315,376,330,368,322,17.234790251337298,15.080868450712744,175.0,130.79901960784315,57.0
5,79,145,221,110,234,123,227,116,13.57482456862576,13.57482456862576,178.0,110.42758620689655,61.0
6,79,158,378,554,391,568,384,560,14.677977993398258,13.694681588027827,94.0,64.9493670886076,40.0
8,79,25,399,128,404,133,401,130,5.656854249492381,5.656854249492381,103.0,87.8,68.0
