id,frame_num,area,min_row_bb,min_col_bb,max_row_bb,max_col_bb,centroid_row,centroid_col,major_axis_length,minor_axis_length,max_intensity,mean_intensity,min_intensity
1,35,249,90,100,107,117,98,108,17.809342794248536,17.809342794248536,155.0,109.3855421686747,68.0
2,35,193,79,180,94,195,86,187,15.675465136763439,15.675465136763439,147.0,80.31088082901555,53.0
3,35,145,141,257,154,270,147,263,13.57482456862576,13.57482456862576,101.0,67.8551724137931,38.0
4,35,145,437,375,450,388,443,381,13.57482456862576,13.57482456862576,126.0,81.1655172413793,54.0
5,35,177,348,186,362,201,354,193,15.898178224211467,14.156161081366475,176.0,122.71751412429379,93.0
6,35,184,334,564,350,577,342,570,16.903819995337816,13.881485949779044,121.0,86.42934782608695,53.0
