id,frame_num,area,min_row_bb,min_col_bb,max_row_bb,max_col_bb,centroid_row,centroid_col,major_axis_length,minor_axis_length,max_intensity,mean_intensity,min_intensity
1,21,580,86,58,106,93,95,75,37.899837647126716,19.71150486488639,174.0,95.74310344827586,59.0
2,21,256,83,184,101,201,91,192,19.390716988788427,16.8271194840193,139.0,92.73046875,34.0
3,21,145,156,264,169,277,162,270,13.57482456862576,13.57482456862576,101.0,71.98620689655172,48.0
4,21,145,380,377,393,390,386,383,13.57482456862576,13.57482456862576,99.0,71.45517241379311,51.0
5,21,145,417,208,430,221,423,214,13.57482456862576,13.57482456862576,138.0,89.60689655172413,63.0
6,21,158,319,588,332,602,325,594,14.677977993398258,13.694681588027827,164.0,98.5506329113924,41.0
7,21,30,447,49,452,55,449,52,6.831300510639732,5.656854249492381,98.0,91.83333333333333,86.0
