id,frame_num,area,min_row_bb,min_col_bb,max_row_bb,max_col_bb,centroid_row,centroid_col,major_axis_length,minor_axis_length,max_intensity,mean_intensity,min_intensity
1,7,249,99,61,116,78,107,69,17.809342794248536,17.809342794248536,119.0,85.50200803212851,41.0
2,7,193,71,179,86,194,78,186,15.675465136763439,15.675465136763439,179.0,119.90155440414507,57.0
3,7,145,158,263,171,276,164,269,13.57482456862576,13.57482456862576,77.0,56.73103448275862,33.0
4,7,145,380,350,393,363,386,356,13.57482456862576,13.57482456862576,183.0,139.1793103448276,60.0
5,7,145,435,247,448,260,441,253,13.57482456862576,13.57482456862576,125.0,87.9448275862069,58.0
6,7,158,320,523,333,537,326,530,14.677977993398258,13.694681588027827,112.0,92.50632911392405,83.0
