id,frame_num,area,min_row_bb,min_col_bb,max_row_bb,max_col_bb,centroid_row,centroid_col,major_axis_length,minor_axis_length,max_intensity,mean_intensity,min_intensity
1,97,449,125,172,153,190,139,181,30.25982533495569,19.127474082037473,125.0,94.41648106904232,46.0
2,97,30,56,204,62,209,58,206,6.831300510639732,5.656854249492381,97.0,81.36666666666666,62.0
3,97,145,162,258,175,271,168,264,13.57482456862576,13.57482456862576,131.0,72.84137931034483,47.0
4,97,210,323,247,340,262,331,254,18.23946815382615,14.64591872339901,140.0,100.65714285714286,71.0
5,97,145,195,57,208,70,201,63,13.57482456862576,13.57482456862576,124.0,98.64827586206897,69.0
6,97,145,408,549,421,562,414,555,13.57482456862576,13.57482456862576,99.0,66.36551724137931,47.0
8,97,25,406,87,411,92,408,89,5.656854249492381,5.656854249492381,99.0,78.28,64.0
