id,frame_num,area,min_row_bb,min_col_bb,max_row_bb,max_col_bb,centroid_row,centroid_col,major_axis_length,minor_axis_length,max_intensity,mean_intensity,min_intensity
1,5,249,94,62,111,79,102,70,17.809342794248536,17.809342794248536,122.0,93.95983935742971,53.0
2,5,193,74,179,89,194,81,186,15.675465136763439,15.675465136763439,181.0,105.3160621761658,51.0
3,5,145,158,263,171,276,164,269,13.57482456862576,13.57482456862576,85.0,58.55862068965517,32.0
4,5,145,356,357,369,370,362,363,13.57482456862576,13.57482456862576,157.0,96.1448275862069,69.0
5,5,145,424,249,437,262,430,255,13.57482456862576,13.57482456862576,133.0,95.2551724137931,68.0
6,5,171,320,514,333,529,326,521,15.788070113054884,13.795498884552316,121.0,92.0233918128655,60.0
