id,frame_num,area,min_row_bb,min_col_bb,max_row_bb,max_col_bb,centroid_row,centroid_col,major_axis_length,minor_axis_length,max_intensity,mean_intensity,min_intensity
1,89,597,115,159,147,187,130,173,38.11935731561222,20.15231213129153,104.0,88.76214405360135,75.0
2,89,25,52,188,57,193,54,190,5.656854249492381,5.656854249492381,116.0,105.96,97.0
3,89,145,172,258,185,271,178,264,13.57482456862576,13.57482456862576,121.0,72.48965517241379,47.0
4,89,145,324,280,337,293,330,286,13.57482456862576,13.57482456862576,155.0,113.8551724137931,94.0
5,89,145,204,92,217,105,210,98,13.57482456862576,13.57482456862576,132.0,100.42068965517241,72.0
6,89,145,400,550,413,563,406,556,13.57482456862576,13.57482456862576,106.0,68.55172413793103,47.0
8,89,25,396,96,401,101,398,98,5.656854249492381,5.656854249492381,129.0,98.08,83.0
