id,frame_num,area,min_row_bb,min_col_bb,max_row_bb,max_col_bb,centroid_row,centroid_col,major_axis_length,minor_axis_length,max_intensity,mean_intensity,min_intensity
1,96,436,135,175,163,192,148,183,30.148866121968286,18.59663578138049,128.0,98.5802752293578,62.0
2,96,25,54,201,59,206,56,203,5.656854249492381,5.656854249492381,98.0,83.76,72.0
3,96,145,162,258,175,271,168,264,13.57482456862576,13.57482456862576,109.0,72.58620689655173,49.0
4,96,266,315,251,335,268,324,259,22.115523669965757,15.347804114043289,153.0,99.98496240601504,60.0
5,96,164,197,58,211,72,204,64,15.093206354144254,13.81056506146918,124.0,94.45731707317073,69.0
6,96,145,407,549,420,562,413,555,13.57482456862576,13.57482456862576,122.0,71.38620689655173,48.0
8,96,25,406,87,411,92,408,89,5.656854249492381,5.656854249492381,100.0,77.52,57.0
