id,frame_num,area,min_row_bb,min_col_bb,max_row_bb,max_col_bb,centroid_row,centroid_col,major_axis_length,minor_axis_length,max_intensity,mean_intensity,min_intensity
1,78,249,115,138,132,155,123,146,17.809342794248536,17.809342794248536,125.0,92.34136546184739,56.0
2,78,25,53,191,58,196,55,193,5.656854249492381,5.656854249492381,177.0,161.4,127.0
3,78,145,175,269,188,282,181,275,13.57482456862576,13.57482456862576,95.0,51.317241379310346,27.0
4,78,171,366,313,381,326,373,319,15.788070113054884,13.795498884552316,177.0,140.69005847953215,69.0
5,78,145,229,116,242,129,235,122,13.57482456862576,13.57482456862576,164.0,83.8344827586207,53.0
6,78,197,374,556,391,569,382,562,18.02423636237332,13.955694942201802,100.0,73.42131979695432,43.0
8,78,25,396,130,401,135,398,132,5.656854249492381,5.656854249492381,162.0,124.56,100.0
