id,frame_num,area,min_row_bb,min_col_bb,max_row_bb,max_col_bb,centroid_row,centroid_col,major_axis_length,minor_axis_length,max_intensity,mean_intensity,min_intensity
1,24,607,85,92,109,121,97,105,31.257840521557032,25.135067057392813,184.0,128.86985172981878,55.0
2,24,193,92,181,107,196,99,188,15.675465136763439,15.675465136763439,120.0,63.04145077720207,39.0
3,24,145,150,257,163,270,156,263,13.57482456862576,13.57482456862576,111.0,74.20689655172414,45.0
4,24,145,389,394,402,407,395,400,13.57482456862576,13.57482456862576,137.0,84.49655172413793,54.0
5,24,181,416,203,430,218,423,210,15.8591424792612,14.54027168102865,150.0,99.90055248618785,72.0
6,24,158,301,573,315,586,308,579,14.677977993398258,13.694681588027827,169.0,119.5506329113924,50.0
