id,frame_num,area,min_row_bb,min_col_bb,max_row_bb,max_col_bb,centroid_row,centroid_col,major_axis_length,minor_axis_length,max_intensity,mean_intensity,min_intensity
1,48,373,110,98,131,119,120,108,21.79111164940628,21.79111164940628,116.0,83.96246648793566,41.0
2,48,193,70,200,85,215,77,207,15.675465136763439,15.675465136763439,168.0,112.45077720207254,72.0
3,48,145,152,244,165,257,158,250,13.57482456862576,13.57482456862576,107.0,61.717241379310344,38.0
4,48,145,428,397,441,410,434,403,13.57482456862576,13.57482456862576,152.0,114.52413793103449,72.0
5,48,145,318,158,331,171,324,164,13.57482456862576,13.57482456862576,152.0,110.75172413793103,87.0
6,48,145,359,621,372,634,365,627,13.57482456862576,13.57482456862576,167.0,85.22758620689655,43.0
