id,frame_num,area,min_row_bb,min_col_bb,max_row_bb,max_col_bb,centroid_row,centroid_col,major_axis_length,minor_axis_length,max_intensity,mean_intensity,min_intensity
1,92,453,132,175,161,192,146,183,31.28449530996332,18.63510418988234,111.0,93.74613686534217,84.0
2,92,25,53,199,58,204,55,201,5.656854249492381,5.656854249492381,148.0,110.84,62.0
3,92,145,169,259,182,272,175,265,13.57482456862576,13.57482456862576,105.0,74.29655172413793,52.0
4,92,213,303,295,318,312,310,303,18.257747499155915,14.882252257285646,180.0,128.26760563380282,60.0
5,92,190,209,76,225,90,216,82,16.896630160138038,14.301221691278426,147.0,89.8578947368421,45.0
6,92,145,399,549,412,562,405,555,13.57482456862576,13.57482456862576,103.0,66.55862068965517,45.0
8,92,25,399,94,404,99,401,96,5.656854249492381,5.656854249492381,102.0,88.68,78.0
