id,frame_num,area,min_row_bb,min_col_bb,max_row_bb,max_col_bb,centroid_row,centroid_col,major_axis_length,minor_axis_length,max_intensity,mean_intensity,min_intensity
1,45,373,107,100,128,121,117,110,21.79111164940628,21.79111164940628,142.0,101.97050938337802,57.0
2,45,193,72,193,87,208,79,200,15.675465136763439,15.675465136763439,132.0,75.67875647668394,49.0
3,45,145,152,244,165,257,158,250,13.57482456862576,13.57482456862576,145.0,75.46206896551725,47.0
4,45,177,419,369,433,384,425,376,15.898178224211467,14.156161081366475,157.0,106.73446327683615,67.0
5,45,244,322,163,339,182,330,172,21.41007106490323,14.548499701293789,131.0,100.69262295081967,72.0
6,45,145,351,620,364,633,357,626,13.57482456862576,13.57482456862576,140.0,87.32413793103449,43.0
