id,frame_num,area,min_row_bb,min_col_bb,max_row_bb,max_col_bb,centroid_row,centroid_col,major_axis_length,minor_axis_length,max_intensity,mean_intensity,min_intensity
1,14,249,88,77,105,94,96,85,17.809342794248536,17.809342794248536,132.0,86.34939759036145,51.0
2,14,193,71,180,86,195,78,187,15.675465136763439,15.675465136763439,176.0,117.89637305699482,59.0
3,14,145,156,263,169,276,162,269,13.57482456862576,13.57482456862576,86.0,60.57241379310345,38.0
4,14,145,376,348,389,361,382,354,13.57482456862576,13.57482456862576,141.0,95.72413793103448,60.0
5,14,145,429,231,442,244,435,237,13.57482456862576,13.57482456862576,102.0,70.67586206896551,48.0
6,14,145,341,560,354,573,347,566,13.57482456862576,13.57482456862576,155.0,109.06896551724138,66.0
7,14,45,460,51,467,58,463,54,7.542472332656507,7.542472332656507,99.0,88.11111111111111,80.0
