id,frame_num,area,min_row_bb,min_col_bb,max_row_bb,max_col_bb,centroid_row,centroid_col,major_axis_length,minor_axis_length,max_intensity,mean_intensity,min_intensity
1,39,511,89,90,114,114,101,102,27.899224585135865,23.447166199998385,158.0,87.97847358121331,40.0
2,39,193,71,187,86,202,78,194,15.675465136763439,15.675465136763439,162.0,100.53367875647669,64.0
3,39,145,141,246,154,259,147,252,13.57482456862576,13.57482456862576,161.0,76.17241379310344,38.0
4,39,145,415,360,428,373,421,366,13.57482456862576,13.57482456862576,172.0,92.91724137931034,58.0
5,39,181,343,187,357,202,349,194,15.8591424792612,14.54027168102865,135.0,101.93370165745857,84.0
6,39,145,352,591,365,604,358,597,13.57482456862576,13.57482456862576,128.0,111.22758620689655,82.0
