id,frame_num,area,min_row_bb,min_col_bb,max_row_bb,max_col_bb,centroid_row,centroid_col,major_axis_length,minor_axis_length,max_intensity,mean_intensity,min_intensity
1,30,509,87,94,113,121,99,107,32.21044824627704,20.272850260592318,183.0,111.73870333988212,62.0
2,30,193,79,180,94,195,86,187,15.675465136763439,15.675465136763439,145.0,78.72538860103627,50.0
3,30,145,150,257,163,270,156,263,13.57482456862576,13.57482456862576,85.0,52.90344827586207,31.0
4,30,145,423,401,436,414,429,407,13.57482456862576,13.57482456862576,126.0,86.24137931034483,46.0
5,30,158,369,193,383,206,376,199,14.677977993398258,13.694681588027827,155.0,118.5253164556962,82.0
6,30,145,331,565,344,578,337,571,13.57482456862576,13.57482456862576,164.0,111.8,75.0
