id,frame_num,area,min_row_bb,min_col_bb,max_row_bb,max_col_bb,centroid_row,centroid_col,major_axis_length,minor_axis_length,max_intensity,mean_intensity,min_intensity
1,81,1183,96,132,142,166,119,148,50.402344051904116,30.649140003829615,171.0,90.59932375316991,43.0
2,81,25,54,190,59,195,56,192,5.656854249492381,5.656854249492381,170.0,156.88,131.0
3,81,145,175,269,188,282,181,275,13.57482456862576,13.57482456862576,106.0,47.675862068965515,30.0
4,81,145,344,327,357,340,350,333,13.57482456862576,13.57482456862576,104.0,88.42068965517241,75.0
5,81,145,210,109,223,122,216,115,13.57482456862576,13.57482456862576,173.0,106.84137931034483,86.0
6,81,158,384,528,398,541,390,534,14.677977993398258,13.694681588027827,160.0,127.94303797468355,97.0
8,81,25,396,128,401,133,398,130,5.656854249492381,5.656854249492381,135.0,100.6,71.0
