id,frame_num,area,min_row_bb,min_col_bb,max_row_bb,max_col_bb,centroid_row,centroid_col,major_axis_length,minor_axis_length,max_intensity,mean_intensity,min_intensity
1,56,249,118,119,135,136,126,127,17.809342794248536,17.809342794248536,160.0,107.29317269076306,75.0
2,56,193,67,210,82,225,74,217,15.675465136763439,15.675465136763439,143.0,102.72020725388602,66.0
3,56,145,158,245,171,258,164,251,13.57482456862576,13.57482456862576,90.0,51.213793103448275,31.0
4,56,145,388,423,401,436,394,429,13.57482456862576,13.57482456862576,161.0,114.38620689655173,65.0
5,56,164,304,136,318,150,310,142,15.093206354144254,13.81056506146918,159.0,106.6890243902439,51.0
6,56,145,345,613,358,626,351,619,13.57482456862576,13.57482456862576,160.0,121.70344827586207,78.0
8,56,25,464,102,469,107,466,104,5.656854249492381,5.656854249492381,86.0,81.12,74.0
