id,frame_num,area,min_row_bb,min_col_bb,max_row_bb,max_col_bb,centroid_row,centroid_col,major_axis_length,minor_axis_length,max_intensity,mean_intensity,min_intensity
1,33,249,90,100,107,117,98,108,17.809342794248536,17.809342794248536,178.0,99.48995983935743,64.0
2,33,193,79,180,94,195,86,187,15.675465136763439,15.675465136763439,136.0,77.74093264248705,48.0
3,33,145,142,257,155,270,148,263,13.57482456862576,13.57482456862576,85.0,61.06896551724138,36.0
4,33,145,432,390,445,403,438,396,13.57482456862576,13.57482456862576,152.0,84.8551724137931,47.0
5,33,158,355,187,369,200,362,193,14.677977993398258,13.694681588027827,176.0,128.4367088607595,85.0
6,33,145,331,565,344,578,337,571,13.57482456862576,13.57482456862576,148.0,94.06206896551724,51.0
