id,frame_num,area,min_row_bb,min_col_bb,max_row_bb,max_col_bb,centroid_row,centroid_col,major_axis_length,minor_axis_length,max_intensity,mean_intensity,min_intensity
1,36,249,90,100,107,117,98,108,17.809342794248536,17.809342794248536,153.0,90.99598393574297,65.0
2,36,193,79,180,94,195,86,187,15.675465136763439,15.675465136763439,132.0,79.90155440414507,58.0
3,36,145,141,257,154,270,147,263,13.57482456862576,13.57482456862576,97.0,67.77241379310345,37.0
4,36,145,437,369,450,382,443,375,13.57482456862576,13.57482456862576,171.0,87.35862068965517,55.0
5,36,145,346,190,359,203,352,196,13.57482456862576,13.57482456862576,173.0,120.80689655172414,93.0
6,36,158,341,563,355,576,348,569,14.677977993398258,13.694681588027827,122.0,96.4873417721519,73.0
