id,frame_num,area,min_row_bb,min_col_bb,max_row_bb,max_col_bb,centroid_row,centroid_col,major_axis_length,minor_axis_length,max_intensity,mean_intensity,min_intensity
1,85,504,113,149,144,168,128,158,33.34337377059993,19.39949063459004,106.0,90.90277777777777,65.0
2,85,25,59,199,64,204,61,201,5.656854249492381,5.656854249492381,110.0,98.84,76.0
3,85,145,175,263,188,276,181,269,13.57482456862576,13.57482456862576,112.0,66.8344827586207,41.0
4,85,207,335,313,351,329,343,320,18.015250325534456,14.628527798731788,174.0,130.42512077294685,67.0
5,85,145,214,100,227,113,220,106,13.57482456862576,13.57482456862576,127.0,92.33103448275862,56.0
6,85,145,419,543,432,556,425,549,13.57482456862576,13.57482456862576,142.0,88.44827586206897,51.0
8,85,25,388,112,393,117,390,114,5.656854249492381,5.656854249492381,106.0,99.4,92.0
