id,frame_num,area,min_row_bb,min_col_bb,max_row_bb,max_col_bb,centroid_row,centroid_col,major_axis_length,minor_axis_length,max_intensity,mean_intensity,min_intensity
1,72,249,115,136,132,153,123,144,17.809342794248536,17.809342794248536,135.0,80.85943775100401,49.0
3,72,145,175,269,188,282,181,275,13.57482456862576,13.57482456862576,116.0,66.46896551724137,35.0
4,72,145,398,347,411,360,404,353,13.57482456862576,13.57482456862576,181.0,123.53103448275863,81.0
5,72,197,245,152,262,165,253,158,18.02423636237332,13.955694942201802,116.0,94.38578680203045,67.0
6,72,145,361,580,374,593,367,586,13.57482456862576,13.57482456862576,78.0,48.08275862068965,32.0
8,72,25,430,140,435,145,432,142,5.656854249492381,5.656854249492381,99.0,92.92,89.0
