id,frame_num,area,min_row_bb,min_col_bb,max_row_bb,max_col_bb,centroid_row,centroid_col,major_axis_length,minor_axis_length,max_intensity,mean_intensity,min_intensity
1,91,574,124,167,159,187,141,176,38.010298675043536,19.44173474687657,114.0,96.71777003484321,60.0
3,91,145,170,259,183,272,176,265,13.57482456862576,13.57482456862576,94.0,67.28965517241379,46.0
4,91,171,309,284,322,299,315,291,15.788070113054884,13.795498884552316,171.0,136.78362573099415,88.0
5,91,145,205,77,218,90,211,83,13.57482456862576,13.57482456862576,138.0,118.36551724137931,94.0
6,91,145,394,546,407,559,400,552,13.57482456862576,13.57482456862576,149.0,82.1655172413793,47.0
8,91,25,396,96,401,101,398,98,5.656854249492381,5.656854249492381,105.0,87.48,72.0
