id,frame_num,area,min_row_bb,min_col_bb,max_row_bb,max_col_bb,centroid_row,centroid_col,major_axis_length,minor_axis_length,max_intensity,mean_intensity,min_intensity
1,94,538,127,177,161,194,144,185,36.9798498331226,18.790173814264207,124.0,94.07806691449814,79.0
2,94,30,54,200,59,206,56,202,6.831300510639732,5.656854249492381,105.0,86.26666666666667,53.0
3,94,145,162,258,175,271,168,264,13.57482456862576,13.57482456862576,159.0,89.19310344827586,53.0
4,94,223,290,284,303,303,296,293,20.27612083790151,14.07730100507352,180.0,126.05829596412556,86.0
5,94,168,209,72,223,86,215,79,14.944341180973263,14.310296310659197,93.0,58.892857142857146,37.0
6,94,145,404,549,417,562,410,555,13.57482456862576,13.57482456862576,105.0,68.03448275862068,43.0
8,94,39,403,88,410,94,406,91,7.947092122173232,6.2607860100069805,115.0,86.6923076923077,65.0
