id,frame_num,area,min_row_bb,min_col_bb,max_row_bb,max_col_bb,centroid_row,centroid_col,major_axis_length,minor_axis_length,max_intensity,mean_intensity,min_intensity
1,71,249,116,137,133,154,124,145,17.809342794248536,17.809342794248536,144.0,81.16867469879519,49.0
2,71,25,51,213,56,218,53,215,5.656854249492381,5.656854249492381,97.0,76.24,66.0
3,71,145,175,269,188,282,181,275,13.57482456862576,13.57482456862576,137.0,90.13793103448276,35.0
4,71,168,393,369,407,383,400,376,14.944341180973263,14.310296310659197,140.0,92.44047619047619,59.0
5,71,145,250,152,263,165,256,158,13.57482456862576,13.57482456862576,116.0,91.98620689655172,63.0
6,71,145,361,580,374,593,367,586,13.57482456862576,13.57482456862576,69.0,47.92413793103448,33.0
8,71,30,422,137,427,143,424,140,6.831300510639732,5.656854249492381,90.0,87.43333333333334,84.0
