id,frame_num,area,min_row_bb,min_col_bb,max_row_bb,max_col_bb,centroid_row,centroid_col,major_axis_length,minor_axis_length,max_intensity,mean_intensity,min_intensity
1,100,417,114,168,140,187,126,177,27.77260151009729,19.180278512771647,126.0,79.83932853717026,44.0
2,100,30,55,207,61,212,58,209,6.831300510639732,5.656854249492381,94.0,90.1,84.0
3,100,145,157,255,170,268,163,261,13.57482456862576,13.57482456862576,99.0,66.1103448275862,41.0
4,100,145,355,262,368,275,361,268,13.57482456862576,13.57482456862576,137.0,112.49655172413793,80.0
5,100,145,199,41,212,54,205,47,13.57482456862576,13.57482456862576,126.0,104.57931034482759,82.0
6,100,158,393,540,406,554,399,546,14.677977993398258,13.694681588027827,116.0,70.15189873417721,48.0
8,100,25,410,80,415,85,412,82,5.656854249492381,5.656854249492381,141.0,113.16,90.0
