id,frame_num,area,min_row_bb,min_col_bb,max_row_bb,max_col_bb,centroid_row,centroid_col,major_axis_length,minor_axis_length,max_intensity,mean_intensity,min_intensity
1,87,476,115,150,144,170,129,160,31.289139961073772,19.517537922546865,105.0,88.32773109243698,60.0
2,87,25,55,195,60,200,57,197,5.656854249492381,5.656854249492381,152.0,137.04,104.0
3,87,158,175,260,188,274,181,266,14.677977993398258,13.694681588027827,91.0,64.27215189873418,41.0
4,87,236,324,291,337,311,330,300,21.406477714364716,14.127746470650692,176.0,124.01694915254237,89.0
5,87,145,211,84,224,97,217,90,13.57482456862576,13.57482456862576,131.0,106.07586206896552,85.0
6,87,145,410,552,423,565,416,558,13.57482456862576,13.57482456862576,106.0,70.03448275862068,44.0
8,87,25,399,100,404,105,401,102,5.656854249492381,5.656854249492381,146.0,108.88,90.0
