id,frame_num,area,min_row_bb,min_col_bb,max_row_bb,max_col_bb,centroid_row,centroid_col,major_axis_length,minor_axis_length,max_intensity,mean_intensity,min_intensity
1,9,249,99,61,116,78,107,69,17.809342794248536,17.809342794248536,115.0,79.72690763052209,41.0
2,9,193,71,180,86,195,78,187,15.675465136763439,15.675465136763439,156.0,94.72020725388602,59.0
3,9,145,156,263,169,276,162,269,13.57482456862576,13.57482456862576,70.0,51.40689655172414,30.0
4,9,145,380,348,393,361,386,354,13.57482456862576,13.57482456862576,179.0,137.38620689655173,67.0
5,9,145,432,240,445,253,438,246,13.57482456862576,13.57482456862576,135.0,84.67586206896551,48.0
6,9,168,323,530,337,544,330,536,14.944341180973263,14.310296310659197,109.0,98.51190476190476,73.0
7,9,25,467,59,472,64,469,61,5.656854249492381,5.656854249492381,96.0,70.28,43.0
