id,frame_num,area,min_row_bb,min_col_bb,max_row_bb,max_col_bb,centroid_row,centroid_col,major_axis_length,minor_axis_length,max_intensity,mean_intensity,min_intensity
1,10,249,97,61,114,78,105,69,17.809342794248536,17.809342794248536,125.0,83.07228915662651,43.0
2,10,193,71,180,86,195,78,187,15.675465136763439,15.675465136763439,166.0,99.41968911917098,56.0
3,10,145,156,263,169,276,162,269,13.57482456862576,13.57482456862576,86.0,59.09655172413793,33.0
4,10,145,380,348,393,361,386,354,13.57482456862576,13.57482456862576,177.0,125.1103448275862,63.0
5,10,145,436,240,449,253,442,246,13.57482456862576,13.57482456862576,97.0,68.86206896551724,40.0
6,10,145,339,553,352,566,345,559,13.57482456862576,13.57482456862576,99.0,92.66206896551724,88.0
7,10,45,464,56,471,63,467,59,7.542472332656507,7.542472332656507,93.0,59.022222222222226,39.0
