id,frame_num,area,min_row_bb,min_col_bb,max_row_bb,max_col_bb,centroid_row,centroid_col,major_axis_length,minor_axis_length,max_intensity,mean_intensity,min_intensity
1,108,427,110,164,139,183,124,173,31.66980299317832,17.349830027221262,109.0,69.10070257611241,43.0
2,108,45,57,211,64,218,60,214,7.542472332656507,7.542472332656507,94.0,82.42222222222222,70.0
3,108,145,138,242,151,255,144,248,13.57482456862576,13.57482456862576,146.0,83.42068965517241,59.0
4,108,145,365,291,378,304,371,297,13.57482456862576,13.57482456862576,129.0,96.46896551724137,70.0
5,108,145,214,59,227,72,220,65,13.57482456862576,13.57482456862576,114.0,85.02068965517242,65.0
6,108,145,350,547,363,560,356,553,13.57482456862576,13.57482456862576,142.0,86.52413793103449,50.0
8,108,25,437,64,442,69,439,66,5.656854249492381,5.656854249492381,105.0,60.44,44.0
