id,frame_num,area,min_row_bb,min_col_bb,max_row_bb,max_col_bb,centroid_row,centroid_col,major_axis_length,minor_axis_length,max_intensity,mean_intensity,min_intensity
1,102,328,120,165,144,180,132,172,25.758730464096075,16.35580004530354,142.0,84.09756097560975,49.0
2,102,45,56,207,63,214,59,210,7.542472332656507,7.542472332656507,102.0,93.77777777777777,82.0
3,102,145,157,255,170,268,163,261,13.57482456862576,13.57482456862576,94.0,73.30344827586207,45.0
4,102,158,349,265,362,279,355,272,14.677977993398258,13.694681588027827,137.0,92.58227848101266,60.0
5,102,145,213,50,226,63,219,56,13.57482456862576,13.57482456862576,112.0,85.23448275862069,58.0
6,102,145,375,546,388,559,381,552,13.57482456862576,13.57482456862576,114.0,71.43448275862069,47.0
8,102,25,432,73,437,78,434,75,5.656854249492381,5.656854249492381,106.0,74.44,52.0
