id,frame_num,area,min_row_bb,min_col_bb,max_row_bb,max_col_bb,centroid_row,centroid_col,major_axis_length,minor_axis_length,max_intensity,mean_intensity,min_intensity
1,34,249,90,100,107,117,98,108,17.809342794248536,17.809342794248536,175.0,116.46987951807229,69.0
2,34,193,79,180,94,195,86,187,15.675465136763439,15.675465136763439,137.0,78.64248704663213,52.0
3,34,145,141,257,154,270,147,263,13.57482456862576,13.57482456862576,107.0,66.55172413793103,34.0
4,34,158,434,387,447,401,440,394,14.677977993398258,13.694681588027827,180.0,96.60759493670886,58.0
5,34,158,351,186,365,199,358,192,14.677977993398258,13.694681588027827,168.0,126.15822784810126,92.0
6,34,158,332,565,346,578,338,571,14.677977993398258,13.694681588027827,134.0,89.92405063291139,56.0
