id,frame_num,area,min_row_bb,min_col_bb,max_row_bb,max_col_bb,centroid_row,centroid_col,major_axis_length,minor_axis_length,max_intensity,mean_intensity,min_intensity
1,67,707,118,100,148,136,134,119,42.853778368246175,21.85864199861177,143.0,101.33946251768035,66.0
2,67,193,54,220,69,235,61,227,15.675465136763439,15.675465136763439,100.0,65.21761658031087,43.0
3,67,145,166,264,179,277,172,270,13.57482456862576,13.57482456862576,131.0,59.46206896551724,42.0
4,67,145,369,370,382,383,375,376,13.57482456862576,13.57482456862576,134.0,97.53793103448275,77.0
5,67,145,263,145,276,158,269,151,13.57482456862576,13.57482456862576,124.0,89.97931034482758,63.0
6,67,281,347,579,361,602,353,590,24.752204944056306,14.624955072805957,143.0,97.54448398576513,50.0
8,67,25,442,122,447,127,444,124,5.656854249492381,5.656854249492381,103.0,92.16,81.0
