id,frame_num,area,min_row_bb,min_col_bb,max_row_bb,max_col_bb,centroid_row,centroid_col,major_axis_length,minor_axis_length,max_intensity,mean_intensity,min_intensity
1,15,562,75,65,105,89,89,77,31.75176981947029,23.199769126953864,124.0,87.83985765124555,47.0
2,15,328,71,180,95,195,82,187,25.758730464096075,16.35580004530354,156.0,107.1219512195122,66.0
3,15,145,156,263,169,276,162,269,13.57482456862576,13.57482456862576,109.0,71.58620689655173,50.0
4,15,145,376,348,389,361,382,354,13.57482456862576,13.57482456862576,130.0,83.96551724137932,59.0
5,15,145,422,226,435,239,428,232,13.57482456862576,13.57482456862576,114.0,88.4,58.0
6,15,145,341,560,354,573,347,566,13.57482456862576,13.57482456862576,172.0,86.79310344827586,50.0
7,15,45,460,54,467,61,463,57,7.542472332656507,7.542472332656507,90.0,86.02222222222223,82.0
