id,frame_num,area,min_row_bb,min_col_bb,max_row_bb,max_col_bb,centroid_row,centroid_col,major_axis_length,minor_axis_length,max_intensity,mean_intensity,min_intensity
1,68,617,120,105,148,138,134,121,38.88079903993876,20.35095156877936,139.0,95.97244732576985,61.0
2,68,193,50,222,65,237,57,229,15.675465136763439,15.675465136763439,102.0,69.44559585492227,43.0
3,68,145,166,264,179,277,172,270,13.57482456862576,13.57482456862576,95.0,54.48275862068966,37.0
4,68,158,367,372,380,386,373,378,14.677977993398258,13.694681588027827,126.0,94.71518987341773,65.0
5,68,145,260,151,273,164,266,157,13.57482456862576,13.57482456862576,115.0,89.92413793103448,60.0
6,68,145,348,577,361,590,354,583,13.57482456862576,13.57482456862576,153.0,121.57241379310345,74.0
8,68,25,435,127,440,132,437,129,5.656854249492381,5.656854249492381,110.0,97.88,84.0
