id,frame_num,area,min_row_bb,min_col_bb,max_row_bb,max_col_bb,centroid_row,centroid_col,major_axis_length,minor_axis_length,max_intensity,mean_intensity,min_intensity
1,99,381,117,170,141,188,129,179,25.67720863910163,19.03360468366152,119.0,82.5249343832021,47.0
2,99,30,55,205,60,211,57,208,6.831300510639732,5.656854249492381,87.0,81.5,75.0
3,99,145,162,258,175,271,168,264,13.57482456862576,13.57482456862576,82.0,57.42758620689655,39.0
4,99,184,339,248,355,261,346,254,16.903819995337816,13.881485949779044,121.0,89.95108695652173,66.0
5,99,145,199,41,212,54,205,47,13.57482456862576,13.57482456862576,137.0,103.96551724137932,88.0
6,99,145,398,538,411,551,404,544,13.57482456862576,13.57482456862576,111.0,75.24827586206897,46.0
8,99,25,410,80,415,85,412,82,5.656854249492381,5.656854249492381,100.0,75.0,50.0
