id,frame_num,area,min_row_bb,min_col_bb,max_row_bb,max_col_bb,centroid_row,centroid_col,major_axis_length,minor_axis_length,max_intensity,mean_intensity,min_intensity
1,3,249,92,61,109,78,100,69,17.809342794248536,17.809342794248536,124.0,98.41767068273093,84.0
2,3,193,72,178,87,193,79,185,15.675465136763439,15.675465136763439,179.0,141.77202072538861,56.0
3,3,145,163,266,176,279,169,272,13.57482456862576,13.57482456862576,110.0,72.23448275862069,40.0
4,3,145,365,368,378,381,371,374,13.57482456862576,13.57482456862576,180.0,138.9241379310345,73.0
5,3,145,413,250,426,263,419,256,13.57482456862576,13.57482456862576,135.0,92.32413793103449,63.0
6,3,145,323,513,336,526,329,519,13.57482456862576,13.57482456862576,142.0,98.59310344827587,86.0
