id,frame_num,area,min_row_bb,min_col_bb,max_row_bb,max_col_bb,centroid_row,centroid_col,major_axis_length,minor_axis_length,max_intensity,mean_intensity,min_intensity
1,54,305,117,121,136,140,126,130,19.710694442607448,19.710694442607448,179.0,118.35081967213115,63.0
2,54,193,67,210,82,225,74,217,15.675465136763439,15.675465136763439,121.0,90.50777202072538,57.0
3,54,145,158,244,171,257,164,250,13.57482456862576,13.57482456862576,98.0,59.89655172413793,35.0
4,54,145,400,420,413,433,406,426,13.57482456862576,13.57482456862576,156.0,101.19310344827586,55.0
5,54,145,311,138,324,151,317,144,13.57482456862576,13.57482456862576,173.0,122.8,64.0
6,54,145,345,613,358,626,351,619,13.57482456862576,13.57482456862576,181.0,145.98620689655172,85.0
8,54,25,467,99,472,104,469,101,5.656854249492381,5.656854249492381,98.0,60.16,37.0
