id,frame_num,area,min_row_bb,min_col_bb,max_row_bb,max_col_bb,centroid_row,centroid_col,major_axis_length,minor_axis_length,max_intensity,mean_intensity,min_intensity
1,98,477,117,173,146,193,131,183,31.190169395185425,19.599003091947583,112.0,93.64360587002096,43.0
2,98,25,57,204,62,209,59,206,5.656854249492381,5.656854249492381,86.0,78.72,72.0
3,98,145,162,258,175,271,168,264,13.57482456862576,13.57482456862576,114.0,69.81379310344828,51.0
4,98,171,332,246,347,259,339,252,15.788070113054884,13.795498884552316,129.0,94.52631578947368,71.0
5,98,145,198,53,211,66,204,59,13.57482456862576,13.57482456862576,116.0,91.64137931034483,67.0
6,98,145,408,547,421,560,414,553,13.57482456862576,13.57482456862576,91.0,61.6551724137931,41.0
8,98,35,406,86,413,91,409,88,8.0,5.656854249492381,95.0,67.2,43.0
