id,frame_num,area,min_row_bb,min_col_bb,max_row_bb,max_col_bb,centroid_row,centroid_col,major_axis_length,minor_axis_length,max_intensity,mean_intensity,min_intensity
1,53,373,114,117,135,138,124,127,21.79111164940628,21.79111164940628,180.0,113.0911528150134,47.0
2,53,193,67,210,82,225,74,217,15.675465136763439,15.675465136763439,123.0,79.61658031088083,53.0
3,53,145,158,242,171,255,164,248,13.57482456862576,13.57482456862576,111.0,62.51034482758621,37.0
4,53,145,407,418,420,431,413,424,13.57482456862576,13.57482456862576,173.0,98.50344827586207,52.0
5,53,145,311,138,324,151,317,144,13.57482456862576,13.57482456862576,162.0,126.56551724137931,95.0
6,53,145,343,621,356,634,349,627,13.57482456862576,13.57482456862576,177.0,102.55172413793103,57.0
