id,frame_num,area,min_row_bb,min_col_bb,max_row_bb,max_col_bb,centroid_row,centroid_col,major_axis_length,minor_axis_length,max_intensity,mean_intensity,min_intensity
1,46,373,107,93,128,114,117,103,21.79111164940628,21.79111164940628,170.0,105.50134048257372,65.0
2,46,208,71,197,86,213,78,204,16.779107888635245,15.796786430741587,172.0,128.20192307692307,75.0
3,46,145,152,244,165,257,158,250,13.57482456862576,13.57482456862576,150.0,68.2,41.0
4,46,158,420,373,433,387,426,380,14.677977993398258,13.694681588027827,131.0,93.51898734177215,56.0
5,46,145,318,158,331,171,324,164,13.57482456862576,13.57482456862576,127.0,95.33793103448276,83.0
6,46,158,351,620,364,634,357,626,14.677977993398258,13.694681588027827,115.0,65.22784810126582,39.0
