id,frame_num,area,min_row_bb,min_col_bb,max_row_bb,max_col_bb,centroid_row,centroid_col,major_axis_length,minor_axis_length,max_intensity,mean_intensity,min_intensity
1,8,249,99,61,116,78,107,69,17.809342794248536,17.809342794248536,113.0,78.50200803212851,40.0
2,8,193,71,180,86,195,78,187,15.675465136763439,15.675465136763439,178.0,104.04145077720207,57.0
3,8,145,158,263,171,276,164,269,13.57482456862576,13.57482456862576,76.0,52.08965517241379,31.0
4,8,145,380,350,393,363,386,356,13.57482456862576,13.57482456862576,182.0,136.86206896551724,68.0
5,8,145,430,240,443,253,436,246,13.57482456862576,13.57482456862576,138.0,96.23448275862069,61.0
6,8,200,321,527,336,543,328,534,17.23931198943494,14.779909408752301,106.0,94.5,80.0
