id,frame_num,area,min_row_bb,min_col_bb,max_row_bb,max_col_bb,centroid_row,centroid_col,major_axis_length,minor_axis_length,max_intensity,mean_intensity,min_intensity
1,19,630,94,54,117,87,105,70,34.66816737346239,23.26575583228671,137.0,85.61904761904762,54.0
2,19,223,78,190,95,205,86,197,17.88854381999832,15.90103925305998,134.0,107.53363228699551,54.0
3,19,158,156,263,169,277,162,270,14.677977993398258,13.694681588027827,110.0,62.94303797468354,34.0
4,19,145,378,368,391,381,384,374,13.57482456862576,13.57482456862576,128.0,84.8,55.0
5,19,197,417,210,430,227,423,218,18.02423636237332,13.955694942201802,169.0,101.66497461928934,58.0
6,19,171,333,588,348,601,340,594,15.788070113054884,13.795498884552316,176.0,93.56140350877193,44.0
7,19,25,454,52,459,57,456,54,5.656854249492381,5.656854249492381,94.0,80.4,68.0
