id,frame_num,area,min_row_bb,min_col_bb,max_row_bb,max_col_bb,centroid_row,centroid_col,major_axis_length,minor_axis_length,max_intensity,mean_intensity,min_intensity
1,27,535,81,94,108,120,93,107,31.753264200105328,21.985314349227,184.0,129.6766355140187,58.0
2,27,381,75,176,96,200,85,188,27.03233933400795,18.0143188291807,167.0,93.53805774278216,51.0
3,27,145,150,257,163,270,156,263,13.57482456862576,13.57482456862576,100.0,58.648275862068964,30.0
4,27,158,406,401,420,414,412,407,14.677977993398258,13.694681588027827,132.0,85.11392405063292,56.0
5,27,219,391,194,408,210,399,202,18.76771228703848,14.855362575916844,158.0,105.04566210045662,56.0
6,27,145,334,565,347,578,340,571,13.57482456862576,13.57482456862576,179.0,97.24137931034483,57.0
