id,frame_num,area,min_row_bb,min_col_bb,max_row_bb,max_col_bb,centroid_row,centroid_col,major_axis_length,minor_axis_length,max_intensity,mean_intensity,min_intensity
1,1,249,95,69,112,86,103,77,17.809342794248536,17.809342794248536,144.0,103.09638554216868,80.0
2,1,193,64,166,79,181,71,173,15.675465136763439,15.675465136763439,138.0,75.70466321243524,50.0
3,1,145,163,266,176,279,169,272,13.57482456862576,13.57482456862576,85.0,61.179310344827584,35.0
4,1,168,362,359,376,373,369,365,14.944341180973263,14.310296310659197,171.0,101.08928571428571,69.0
5,1,145,422,240,435,253,428,246,13.57482456862576,13.57482456862576,155.0,120.66206896551724,79.0
6,1,145,326,513,339,526,332,519,13.57482456862576,13.57482456862576,159.0,92.72413793103448,68.0
