id,frame_num,area,min_row_bb,min_col_bb,max_row_bb,max_col_bb,centroid_row,centroid_col,major_axis_length,minor_axis_length,max_intensity,mean_intensity,min_intensity
1,84,527,114,149,146,169,130,158,34.631661901379175,19.550739689295604,107.0,92.20493358633776,69.0
2,84,25,58,197,63,202,60,199,5.656854249492381,5.656854249492381,92.0,87.6,82.0
3,84,145,175,263,188,276,181,269,13.57482456862576,13.57482456862576,130.0,71.65517241379311,40.0
4,84,145,345,322,358,335,351,328,13.57482456862576,13.57482456862576,145.0,103.19310344827586,82.0
5,84,145,212,104,225,117,218,110,13.57482456862576,13.57482456862576,142.0,93.2551724137931,56.0
6,84,145,407,531,420,544,413,537,13.57482456862576,13.57482456862576,168.0,135.6,81.0
8,84,25,388,118,393,123,390,120,5.656854249492381,5.656854249492381,130.0,109.84,95.0
