id,frame_num,area,min_row_bb,min_col_bb,max_row_bb,max_col_bb,centroid_row,centroid_col,major_axis_length,minor_axis_length,max_intensity,mean_intensity,min_intensity
1,44,373,106,99,127,120,116,109,21.79111164940628,21.79111164940628,149.0,95.28418230563003,58.0
2,44,193,74,180,89,195,81,187,15.675465136763439,15.675465136763439,143.0,86.48186528497409,62.0
3,44,145,152,244,165,257,158,250,13.57482456862576,13.57482456862576,137.0,73.33103448275862,47.0
4,44,158,415,361,428,375,421,368,14.677977993398258,13.694681588027827,174.0,101.5379746835443,61.0
5,44,145,332,171,345,184,338,177,13.57482456862576,13.57482456862576,122.0,104.42758620689655,78.0
6,44,158,352,617,366,630,358,623,14.677977993398258,13.694681588027827,133.0,112.69620253164557,93.0
