id,frame_num,area,min_row_bb,min_col_bb,max_row_bb,max_col_bb,centroid_row,centroid_col,major_axis_length,minor_axis_length,max_intensity,mean_intensity,min_intensity
1,111,193,156,153,171,168,163,160,15.675465136763439,15.675465136763439,182.0,126.72020725388602,82.0
2,111,45,60,217,67,224,63,220,7.542472332656507,7.542472332656507,98.0,93.11111111111111,86.0
3,111,145,137,242,150,255,143,248,13.57482456862576,13.57482456862576,124.0,79.52413793103449,55.0
4,111,238,389,267,406,285,397,276,20.33518709064032,14.91166852642678,173.0,100.2983193277311,60.0
5,111,145,210,56,223,69,216,62,13.57482456862576,13.57482456862576,136.0,86.9103448275862,62.0
6,111,171,336,549,351,562,343,555,15.788070113054884,13.795498884552316,143.0,102.67251461988305,62.0
8,111,25,444,64,449,69,446,66,5.656854249492381,5.656854249492381,83.0,59.4,47.0
