id,frame_num,area,min_row_bb,min_col_bb,max_row_bb,max_col_bb,centroid_row,centroid_col,major_axis_length,minor_axis_length,max_intensity,mean_intensity,min_intensity
1,37,249,90,100,107,117,98,108,17.809342794248536,17.809342794248536,157.0,71.53815261044177,49.0
2,37,193,73,187,88,202,80,194,15.675465136763439,15.675465136763439,150.0,96.20207253886011,68.0
3,37,145,141,257,154,270,147,263,13.57482456862576,13.57482456862576,99.0,62.779310344827586,36.0
4,37,145,435,363,448,376,441,369,13.57482456862576,13.57482456862576,177.0,104.01379310344828,56.0
5,37,145,346,190,359,203,352,196,13.57482456862576,13.57482456862576,156.0,112.9448275862069,92.0
6,37,145,359,577,372,590,365,583,13.57482456862576,13.57482456862576,111.0,96.7448275862069,88.0
