id,frame_num,area,min_row_bb,min_col_bb,max_row_bb,max_col_bb,centroid_row,centroid_col,major_axis_length,minor_axis_length,max_intensity,mean_intensity,min_intensity
1,16,478,83,58,109,82,96,70,29.753434788516365,20.590181540616204,142.0,92.72384937238493,50.0
2,16,259,77,185,96,201,86,193,20.088371625169643,16.436424425315693,128.0,103.47104247104247,68.0
3,16,145,156,263,169,276,162,269,13.57482456862576,13.57482456862576,102.0,62.53103448275862,41.0
4,16,145,376,348,389,361,382,354,13.57482456862576,13.57482456862576,109.0,77.04827586206896,56.0
5,16,145,417,222,430,235,423,228,13.57482456862576,13.57482456862576,127.0,95.17931034482758,56.0
6,16,145,340,570,353,583,346,576,13.57482456862576,13.57482456862576,181.0,92.2551724137931,44.0
7,16,45,456,54,463,61,459,57,7.542472332656507,7.542472332656507,106.0,93.73333333333333,85.0
