id,frame_num,area,min_row_bb,min_col_bb,max_row_bb,max_col_bb,centroid_row,centroid_col,major_axis_length,minor_axis_length,max_intensity,mean_intensity,min_intensity
1,103,350,124,165,149,181,136,173,26.854155529517513,16.77970190744182,136.0,81.74285714285715,46.0
2,103,45,56,209,63,216,59,212,7.542472332656507,7.542472332656507,104.0,98.5111111111111,89.0
3,103,145,147,256,160,269,153,262,13.57482456862576,13.57482456862576,117.0,73.71724137931035,53.0
4,103,145,349,266,362,279,355,272,13.57482456862576,13.57482456862576,141.0,92.79310344827586,57.0
5,103,145,215,53,228,66,221,59,13.57482456862576,13.57482456862576,128.0,91.21379310344828,61.0
6,103,145,369,546,382,559,375,552,13.57482456862576,13.57482456862576,162.0,90.97931034482758,51.0
8,103,25,439,69,444,74,441,71,5.656854249492381,5.656854249492381,158.0,134.72,84.0
