id,frame_num,area,min_row_bb,min_col_bb,max_row_bb,max_col_bb,centroid_row,centroid_col,major_axis_length,minor_axis_length,max_intensity,mean_intensity,min_intensity
1,43,373,99,97,120,118,109,107,21.79111164940628,21.79111164940628,129.0,84.62466487935657,43.0
2,43,193,74,180,89,195,81,187,15.675465136763439,15.675465136763439,126.0,89.7720207253886,60.0
3,43,158,152,243,165,257,158,250,14.677977993398258,13.694681588027827,173.0,84.63924050632912,50.0
4,43,158,415,360,428,374,421,366,14.677977993398258,13.694681588027827,155.0,95.26582278481013,59.0
5,43,145,333,170,346,183,339,176,13.57482456862576,13.57482456862576,115.0,103.38620689655173,72.0
6,43,181,355,609,369,624,362,616,15.8591424792612,14.54027168102865,140.0,107.1988950276243,66.0
