id,frame_num,area,min_row_bb,min_col_bb,max_row_bb,max_col_bb,centroid_row,centroid_col,major_axis_length,minor_axis_length,max_intensity,mean_intensity,min_intensity
1,73,249,115,136,132,153,123,144,17.809342794248536,17.809342794248536,147.0,82.08433734939759,49.0
3,73,145,175,269,188,282,181,275,13.57482456862576,13.57482456862576,121.0,73.19310344827586,35.0
4,73,171,391,339,404,354,397,346,15.788070113054884,13.795498884552316,168.0,119.49707602339181,60.0
5,73,145,245,151,258,164,251,157,13.57482456862576,13.57482456862576,115.0,91.29655172413793,63.0
6,73,158,361,578,374,592,367,584,14.677977993398258,13.694681588027827,78.0,45.677215189873415,32.0
8,73,25,426,140,431,145,428,142,5.656854249492381,5.656854249492381,90.0,86.84,83.0
