id,frame_num,area,min_row_bb,min_col_bb,max_row_bb,max_col_bb,centroid_row,centroid_col,major_axis_length,minor_axis_length,max_intensity,mean_intensity,min_intensity
1,107,376,118,162,144,180,130,170,28.079452646661004,17.143344806655826,115.0,71.55585106382979,44.0
2,107,45,57,210,64,217,60,213,7.542472332656507,7.542472332656507,102.0,81.68888888888888,63.0
3,107,145,138,242,151,255,144,248,13.57482456862576,13.57482456862576,134.0,83.72413793103448,59.0
4,107,158,366,276,379,290,372,282,14.677977993398258,13.694681588027827,151.0,115.59493670886076,84.0
5,107,145,214,59,227,72,220,65,13.57482456862576,13.57482456862576,125.0,84.71724137931035,63.0
6,107,278,351,541,372,558,361,549,23.075787342502174,15.451781766836108,153.0,82.78776978417267,34.0
8,107,25,438,64,443,69,440,66,5.656854249492381,5.656854249492381,142.0,83.36,55.0
