id,frame_num,area,min_row_bb,min_col_bb,max_row_bb,max_col_bb,centroid_row,centroid_col,major_axis_length,minor_axis_length,max_intensity,mean_intensity,min_intensity
1,106,373,121,165,148,180,134,172,29.16533253683068,16.470299860047867,109.0,71.87667560321715,46.0
2,106,45,57,209,64,216,60,212,7.542472332656507,7.542472332656507,104.0,87.84444444444445,69.0
3,106,158,138,243,152,256,144,249,14.677977993398258,13.694681588027827,130.0,87.11392405063292,60.0
4,106,158,366,274,379,288,372,280,14.677977993398258,13.694681588027827,149.0,108.81012658227849,84.0
5,106,158,214,58,227,72,220,64,14.677977993398258,13.694681588027827,134.0,88.60759493670886,62.0
6,106,145,363,539,376,552,369,545,13.57482456862576,13.57482456862576,93.0,61.213793103448275,38.0
8,106,25,438,65,443,70,440,67,5.656854249492381,5.656854249492381,144.0,96.88,61.0
